signal,speed,resync_boundaries,derivative_p90_off,derivative_p90_on,derivative_max_off,derivative_max_on,rms_jump_median_db_off,rms_jump_median_db_on,spectral_discontinuity_median_off,spectral_discontinuity_median_on
vowel,0.75,46,0.021935433032922447,0.022603856428759173,0.02220905269496143,0.02297270344570279,0.6340849176043923,0.6455881718885286,0.0017152675283310104,0.0015755084360816185
vowel,0.50,46,0.02094138553366065,0.022655301116174087,0.022007178282365203,0.024003182537853718,0.5498013447701454,0.6664884421938093,0.003327254180207795,0.003110477939168965
vibrato,0.75,33,0.012226161966100334,0.012230515037663281,0.01222949381917715,0.012401507934555411,0.07375229135925543,0.0847744668458277,0.00021371249114499058,0.0002060785962083589
vibrato,0.50,33,0.012223980954149737,0.012473474792204797,0.01223415625281632,0.012551787309348583,0.09005697562196,0.1064102446295847,0.0001994547854363704,7.39030533645213e-05
noise,0.75,0,,,,,,,,
noise,0.50,0,,,,,,,,
snare,0.75,0,,,,,,,,
snare,0.50,0,,,,,,,,
cymbal,0.75,0,,,,,,,,
cymbal,0.50,0,,,,,,,,
distorted,0.75,43,0.005291628593113273,0.0052934657782316204,0.005306373757775873,0.005307018727762625,0.37491047250143245,0.3751211111470122,0.005545806097251305,0.005556050360416731
distorted,0.50,43,0.0052724808221682904,0.005288569792173803,0.00530298356898129,0.005303380778059363,0.37270175188337484,0.372598915949445,0.004226799060087161,0.004218414308665763
reverb_tail,0.75,0,,,,,,,,
reverb_tail,0.50,0,,,,,,,,
