signal,speed,mode,output,FFT,Ha,phase_locking,partial_tracking,pvsola,pvsola_interval_ms,pvsola_search_ms,pvsola_min_correlation,transient,transient_count,adaptive_time_map,precise_anchoring,stereo_coherence,average_coherence_weight,multiresolution,chunked,chunk_size,quality,ablation,ola_ring_samples,fir_ring_samples,event_count,time_map_hash,anchored_event_count,max_event_anchor_error_samples,input_frames,output_frames,processing_seconds,peak,track_continuity_ratio,trackable_peak_frames,matched_peak_frames,applied_peak_frames,average_track_lifetime_frames,average_track_count,track_switches_per_second,peak_phase_discontinuity_mean_rad,peak_phase_discontinuity_max_rad,resync_scheduled,resync_applied,resync_transient_suppressed,resync_per_second,resync_skip_rate,average_resync_correlation,average_resync_offset_samples,cpu_seconds,max_rss_bytes
vowel,0.75,off,/Users/taro252/Docker/TimeStretchLab/results/phase7/artificial/vowel_075_off.wav,4096,1024,on,off,off,120,10,0.65,on,0,on,on,on,0.933753,on,on,16384,high,b,98304,32768,1,12551941849223266404,0,0,288000,384000,0.46166,0.164957,0,0,0,0,0,0,0,0,0,0,0,0,0,0,0,0,0.464601,14450688
vowel,0.75,on,/Users/taro252/Docker/TimeStretchLab/results/phase7/artificial/vowel_075_on.wav,4096,1024,on,off,on,120,10,0.65,on,0,on,on,on,0.933753,on,on,16384,high,b,98304,32768,1,12551941849223266404,0,0,288000,384000,0.553388,0.164811,0,0,0,0,0,0,0,0,0,49,46,3,7.66667,0.0612245,0.995244,296.717,0.553675,14565376
vowel,0.5,off,/Users/taro252/Docker/TimeStretchLab/results/phase7/artificial/vowel_050_off.wav,4096,1024,on,off,off,120,10,0.65,on,0,on,on,on,0.933753,on,on,16384,high,b,98304,32768,1,8872923384046503967,0,0,288000,576000,0.490832,0.180754,0,0,0,0,0,0,0,0,0,0,0,0,0,0,0,0,0.489896,14467072
vowel,0.5,on,/Users/taro252/Docker/TimeStretchLab/results/phase7/artificial/vowel_050_on.wav,4096,1024,on,off,on,120,10,0.65,on,0,on,on,on,0.933753,on,on,16384,high,b,98304,32768,1,8872923384046503967,0,0,288000,576000,0.569016,0.180754,0,0,0,0,0,0,0,0,0,49,46,3,7.66667,0.0612245,0.974531,244.435,0.568846,14581760
vibrato,0.75,off,/Users/taro252/Docker/TimeStretchLab/results/phase7/artificial/vibrato_075_off.wav,4096,1024,on,off,off,120,10,0.65,on,42,on,on,on,0.96563,on,on,16384,high,b,98304,32768,22,10021789704548539314,0,0,288000,384000,0.491366,0.238047,0,0,0,0,0,0,0,0,0,0,0,0,0,0,0,0,0.486125,14516224
vibrato,0.75,on,/Users/taro252/Docker/TimeStretchLab/results/phase7/artificial/vibrato_075_on.wav,4096,1024,on,off,on,120,10,0.65,on,42,on,on,on,0.96563,on,on,16384,high,b,98304,32768,22,10021789704548539314,0,0,288000,384000,0.574013,0.237871,0,0,0,0,0,0,0,0,0,114,33,81,5.5,0.710526,0.999518,275.061,0.572697,14516224
vibrato,0.5,off,/Users/taro252/Docker/TimeStretchLab/results/phase7/artificial/vibrato_050_off.wav,4096,1024,on,off,off,120,10,0.65,on,42,on,on,on,0.96563,on,on,16384,high,b,98304,32768,22,9871745954490915079,0,0,288000,576000,0.493158,0.245524,0,0,0,0,0,0,0,0,0,0,0,0,0,0,0,0,0.494803,14499840
vibrato,0.5,on,/Users/taro252/Docker/TimeStretchLab/results/phase7/artificial/vibrato_050_on.wav,4096,1024,on,off,on,120,10,0.65,on,42,on,on,on,0.96563,on,on,16384,high,b,98304,32768,22,9871745954490915079,0,0,288000,576000,0.595799,0.24514,0,0,0,0,0,0,0,0,0,114,33,81,5.5,0.710526,0.996116,231.515,0.594101,14565376
noise,0.75,off,/Users/taro252/Docker/TimeStretchLab/results/phase7/artificial/noise_075_off.wav,4096,1024,on,off,off,120,10,0.65,on,0,on,on,on,0.0471926,on,on,16384,high,b,98304,32768,0,2858980963247330507,0,0,288000,384000,0.717387,0.205295,0,0,0,0,0,0,0,0,0,0,0,0,0,0,0,0,0.719152,14450688
noise,0.75,on,/Users/taro252/Docker/TimeStretchLab/results/phase7/artificial/noise_075_on.wav,4096,1024,on,off,on,120,10,0.65,on,0,on,on,on,0.0471926,on,on,16384,high,b,98304,32768,0,2858980963247330507,0,0,288000,384000,0.728026,0.205295,0,0,0,0,0,0,0,0,0,279,0,0,0,1,0,0,0.728117,14532608
noise,0.5,off,/Users/taro252/Docker/TimeStretchLab/results/phase7/artificial/noise_050_off.wav,4096,1024,on,off,off,120,10,0.65,on,0,on,on,on,0.0471926,on,on,16384,high,b,98304,32768,0,14927630409059391727,0,0,288000,576000,0.737745,0.206801,0,0,0,0,0,0,0,0,0,0,0,0,0,0,0,0,0.736468,14450688
noise,0.5,on,/Users/taro252/Docker/TimeStretchLab/results/phase7/artificial/noise_050_on.wav,4096,1024,on,off,on,120,10,0.65,on,0,on,on,on,0.0471926,on,on,16384,high,b,98304,32768,0,14927630409059391727,0,0,288000,576000,0.741171,0.206801,0,0,0,0,0,0,0,0,0,279,0,0,0,1,0,0,0.739703,14516224
snare,0.75,off,/Users/taro252/Docker/TimeStretchLab/results/phase7/artificial/snare_075_off.wav,4096,1024,on,off,off,120,10,0.65,on,3,on,on,on,0.0397326,on,on,16384,high,b,98304,32768,3,8129662590967550972,0,0,288000,384000,0.19625,0.633632,0,0,0,0,0,0,0,0,0,0,0,0,0,0,0,0,0.195286,14499840
snare,0.75,on,/Users/taro252/Docker/TimeStretchLab/results/phase7/artificial/snare_075_on.wav,4096,1024,on,off,on,120,10,0.65,on,3,on,on,on,0.0397326,on,on,16384,high,b,98304,32768,3,8129662590967550972,0,0,288000,384000,0.193471,0.633632,0,0,0,0,0,0,0,0,0,279,0,21,0,1,0,0,0.194887,14565376
snare,0.5,off,/Users/taro252/Docker/TimeStretchLab/results/phase7/artificial/snare_050_off.wav,4096,1024,on,off,off,120,10,0.65,on,3,on,on,on,0.0397326,on,on,16384,high,b,98304,32768,3,10335031690884320592,0,0,288000,576000,0.192302,0.642461,0,0,0,0,0,0,0,0,0,0,0,0,0,0,0,0,0.193457,14467072
snare,0.5,on,/Users/taro252/Docker/TimeStretchLab/results/phase7/artificial/snare_050_on.wav,4096,1024,on,off,on,120,10,0.65,on,3,on,on,on,0.0397326,on,on,16384,high,b,98304,32768,3,10335031690884320592,0,0,288000,576000,0.192349,0.642461,0,0,0,0,0,0,0,0,0,279,0,21,0,1,0,0,0.194954,14565376
cymbal,0.75,off,/Users/taro252/Docker/TimeStretchLab/results/phase7/artificial/cymbal_075_off.wav,4096,1024,on,off,off,120,10,0.65,on,2,on,on,on,0.0458886,on,on,16384,high,b,98304,32768,2,14199108730103680079,0,0,288000,384000,0.376903,0.225996,0,0,0,0,0,0,0,0,0,0,0,0,0,0,0,0,0.378151,14467072
cymbal,0.75,on,/Users/taro252/Docker/TimeStretchLab/results/phase7/artificial/cymbal_075_on.wav,4096,1024,on,off,on,120,10,0.65,on,2,on,on,on,0.0458886,on,on,16384,high,b,98304,32768,2,14199108730103680079,0,0,288000,384000,0.407528,0.225996,0,0,0,0,0,0,0,0,0,279,0,14,0,1,0,0,0.392266,14565376
cymbal,0.5,off,/Users/taro252/Docker/TimeStretchLab/results/phase7/artificial/cymbal_050_off.wav,4096,1024,on,off,off,120,10,0.65,on,2,on,on,on,0.0458886,on,on,16384,high,b,98304,32768,2,3861637479951468284,0,0,288000,576000,0.38692,0.234661,0,0,0,0,0,0,0,0,0,0,0,0,0,0,0,0,0.387104,14483456
cymbal,0.5,on,/Users/taro252/Docker/TimeStretchLab/results/phase7/artificial/cymbal_050_on.wav,4096,1024,on,off,on,120,10,0.65,on,2,on,on,on,0.0458886,on,on,16384,high,b,98304,32768,2,3861637479951468284,0,0,288000,576000,0.400502,0.234661,0,0,0,0,0,0,0,0,0,279,0,14,0,1,0,0,0.399728,14565376
distorted,0.75,off,/Users/taro252/Docker/TimeStretchLab/results/phase7/artificial/distorted_075_off.wav,4096,1024,on,off,off,120,10,0.65,on,9,on,on,on,0.80552,on,on,16384,high,b,98304,32768,6,16838631907819904745,0,0,288000,384000,0.495067,0.187886,0,0,0,0,0,0,0,0,0,0,0,0,0,0,0,0,0.496626,14467072
distorted,0.75,on,/Users/taro252/Docker/TimeStretchLab/results/phase7/artificial/distorted_075_on.wav,4096,1024,on,off,on,120,10,0.65,on,9,on,on,on,0.80552,on,on,16384,high,b,98304,32768,6,16838631907819904745,0,0,288000,384000,0.539164,0.186777,0,0,0,0,0,0,0,0,0,65,43,22,7.16667,0.338462,0.999759,222.581,0.535673,14581760
distorted,0.5,off,/Users/taro252/Docker/TimeStretchLab/results/phase7/artificial/distorted_050_off.wav,4096,1024,on,off,off,120,10,0.65,on,9,on,on,on,0.80552,on,on,16384,high,b,98304,32768,6,17535494404371210169,0,0,288000,576000,0.519668,0.192153,0,0,0,0,0,0,0,0,0,0,0,0,0,0,0,0,0.509576,14499840
distorted,0.5,on,/Users/taro252/Docker/TimeStretchLab/results/phase7/artificial/distorted_050_on.wav,4096,1024,on,off,on,120,10,0.65,on,9,on,on,on,0.80552,on,on,16384,high,b,98304,32768,6,17535494404371210169,0,0,288000,576000,0.569264,0.191144,0,0,0,0,0,0,0,0,0,65,43,22,7.16667,0.338462,0.998429,217.535,0.56821,14516224
reverb_tail,0.75,off,/Users/taro252/Docker/TimeStretchLab/results/phase7/artificial/reverb_tail_075_off.wav,4096,1024,on,off,off,120,10,0.65,on,1,on,on,on,0.0469713,on,on,16384,high,b,98304,32768,1,5654771801658610611,0,0,288000,384000,0.634454,0.0943033,0,0,0,0,0,0,0,0,0,0,0,0,0,0,0,0,0.63405,14499840
reverb_tail,0.75,on,/Users/taro252/Docker/TimeStretchLab/results/phase7/artificial/reverb_tail_075_on.wav,4096,1024,on,off,on,120,10,0.65,on,1,on,on,on,0.0469713,on,on,16384,high,b,98304,32768,1,5654771801658610611,0,0,288000,384000,0.630057,0.0943033,0,0,0,0,0,0,0,0,0,279,0,7,0,1,0,0,0.630776,14565376
reverb_tail,0.5,off,/Users/taro252/Docker/TimeStretchLab/results/phase7/artificial/reverb_tail_050_off.wav,4096,1024,on,off,off,120,10,0.65,on,1,on,on,on,0.0469713,on,on,16384,high,b,98304,32768,1,7377857485861086426,0,0,288000,576000,0.653459,0.0861145,0,0,0,0,0,0,0,0,0,0,0,0,0,0,0,0,0.650598,14450688
reverb_tail,0.5,on,/Users/taro252/Docker/TimeStretchLab/results/phase7/artificial/reverb_tail_050_on.wav,4096,1024,on,off,on,120,10,0.65,on,1,on,on,on,0.0469713,on,on,16384,high,b,98304,32768,1,7377857485861086426,0,0,288000,576000,0.645274,0.0861145,0,0,0,0,0,0,0,0,0,279,0,7,0,1,0,0,0.643642,14516224
