name,speed,mode,match_type,source,original_rms,original_peak,original_integrated_lufs,target,applied_gain_db,common_peak_safety_gain_db,matched_file,matched_rms,matched_peak,matched_integrated_lufs,frames
pure_vowel,0.75,phase53,rms,/Users/taro252/Docker/TimeStretchLab/results/phase9a/pure_vowel_075_phase53.wav,0.0499996566071076,0.16491225361824036,-26.47,0.04988028101895632,-0.020762601630092713,0.0,/Users/taro252/Docker/TimeStretchLab/results/phase9b/matched/rms/pure_vowel_075_phase53.wav,0.049880281254156056,0.16451852023601532,-26.49,384000
pure_vowel,0.75,phase9a,rms,/Users/taro252/Docker/TimeStretchLab/results/phase9a/pure_vowel_075_phase9a.wav,0.04988028101895632,0.16597358882427216,-26.5,0.04988028101895632,0.0,0.0,/Users/taro252/Docker/TimeStretchLab/results/phase9b/matched/rms/pure_vowel_075_phase9a.wav,0.04988028101895632,0.16597358882427216,-26.5,384000
pure_vowel,0.75,phase53,lufs,/Users/taro252/Docker/TimeStretchLab/results/phase9a/pure_vowel_075_phase53.wav,0.0499996566071076,0.16491225361824036,-26.47,-26.5,-0.030000000000001137,0.0,/Users/taro252/Docker/TimeStretchLab/results/phase9b/matched/lufs/pure_vowel_075_phase53.wav,0.04982726327519591,0.16434365510940552,-26.5,384000
pure_vowel,0.75,phase9a,lufs,/Users/taro252/Docker/TimeStretchLab/results/phase9a/pure_vowel_075_phase9a.wav,0.04988028101895632,0.16597358882427216,-26.5,-26.5,0.0,0.0,/Users/taro252/Docker/TimeStretchLab/results/phase9b/matched/lufs/pure_vowel_075_phase9a.wav,0.04988028101895632,0.16597358882427216,-26.5,384000
pure_vowel,0.5,phase53,rms,/Users/taro252/Docker/TimeStretchLab/results/phase9a/pure_vowel_050_phase53.wav,0.04997790589233681,0.18075351417064667,-26.46,0.04987357371541211,-0.018151320497567562,0.0,/Users/taro252/Docker/TimeStretchLab/results/phase9b/matched/rms/pure_vowel_050_phase53.wav,0.049873572364376034,0.18037617206573486,-26.48,576000
pure_vowel,0.5,phase9a,rms,/Users/taro252/Docker/TimeStretchLab/results/phase9a/pure_vowel_050_phase9a.wav,0.04987357371541211,0.18024682998657227,-26.49,0.04987357371541211,0.0,0.0,/Users/taro252/Docker/TimeStretchLab/results/phase9b/matched/rms/pure_vowel_050_phase9a.wav,0.04987357371541211,0.18024682998657227,-26.49,576000
pure_vowel,0.5,phase53,lufs,/Users/taro252/Docker/TimeStretchLab/results/phase9a/pure_vowel_050_phase53.wav,0.04997790589233681,0.18075351417064667,-26.46,-26.49,-0.029999999999997584,0.0,/Users/taro252/Docker/TimeStretchLab/results/phase9b/matched/lufs/pure_vowel_050_phase53.wav,0.04980558755931511,0.18013030290603638,-26.49,576000
pure_vowel,0.5,phase9a,lufs,/Users/taro252/Docker/TimeStretchLab/results/phase9a/pure_vowel_050_phase9a.wav,0.04987357371541211,0.18024682998657227,-26.49,-26.49,0.0,0.0,/Users/taro252/Docker/TimeStretchLab/results/phase9b/matched/lufs/pure_vowel_050_phase9a.wav,0.04987357371541211,0.18024682998657227,-26.49,576000
breathy_vowel,0.75,phase53,rms,/Users/taro252/Docker/TimeStretchLab/results/phase9a/breathy_vowel_075_phase53.wav,0.052055350941898705,0.21213717758655548,-25.75,0.0510112654313585,-0.17598563089036529,0.0,/Users/taro252/Docker/TimeStretchLab/results/phase9b/matched/rms/breathy_vowel_075_phase53.wav,0.05101126628401877,0.20788230001926422,-25.93,384000
breathy_vowel,0.75,phase9a,rms,/Users/taro252/Docker/TimeStretchLab/results/phase9a/breathy_vowel_075_phase9a.wav,0.0510112654313585,0.19410589337348938,-26.09,0.0510112654313585,0.0,0.0,/Users/taro252/Docker/TimeStretchLab/results/phase9b/matched/rms/breathy_vowel_075_phase9a.wav,0.0510112654313585,0.19410589337348938,-26.09,384000
breathy_vowel,0.75,phase53,lufs,/Users/taro252/Docker/TimeStretchLab/results/phase9a/breathy_vowel_075_phase53.wav,0.052055350941898705,0.21213717758655548,-25.75,-26.09,-0.33999999999999986,0.0,/Users/taro252/Docker/TimeStretchLab/results/phase9b/matched/lufs/breathy_vowel_075_phase53.wav,0.050057064929490046,0.20399372279644012,-26.09,384000
breathy_vowel,0.75,phase9a,lufs,/Users/taro252/Docker/TimeStretchLab/results/phase9a/breathy_vowel_075_phase9a.wav,0.0510112654313585,0.19410589337348938,-26.09,-26.09,0.0,0.0,/Users/taro252/Docker/TimeStretchLab/results/phase9b/matched/lufs/breathy_vowel_075_phase9a.wav,0.0510112654313585,0.19410589337348938,-26.09,384000
breathy_vowel,0.5,phase53,rms,/Users/taro252/Docker/TimeStretchLab/results/phase9a/breathy_vowel_050_phase53.wav,0.05200703226403114,0.22253715991973877,-25.75,0.05101121014792785,-0.1679289069576797,0.0,/Users/taro252/Docker/TimeStretchLab/results/phase9b/matched/rms/breathy_vowel_050_phase53.wav,0.05101121132171478,0.21827605366706848,-25.92,576000
breathy_vowel,0.5,phase9a,rms,/Users/taro252/Docker/TimeStretchLab/results/phase9a/breathy_vowel_050_phase9a.wav,0.05101121014792785,0.20667247474193573,-26.08,0.05101121014792785,0.0,0.0,/Users/taro252/Docker/TimeStretchLab/results/phase9b/matched/rms/breathy_vowel_050_phase9a.wav,0.05101121014792785,0.20667247474193573,-26.08,576000
breathy_vowel,0.5,phase53,lufs,/Users/taro252/Docker/TimeStretchLab/results/phase9a/breathy_vowel_050_phase53.wav,0.05200703226403114,0.22253715991973877,-25.75,-26.08,-0.3299999999999983,0.0,/Users/taro252/Docker/TimeStretchLab/results/phase9b/matched/lufs/breathy_vowel_050_phase53.wav,0.05006821200025105,0.21424098312854767,-26.08,576000
breathy_vowel,0.5,phase9a,lufs,/Users/taro252/Docker/TimeStretchLab/results/phase9a/breathy_vowel_050_phase9a.wav,0.05101121014792785,0.20667247474193573,-26.08,-26.08,0.0,0.0,/Users/taro252/Docker/TimeStretchLab/results/phase9b/matched/lufs/breathy_vowel_050_phase9a.wav,0.05101121014792785,0.20667247474193573,-26.08,576000
female_1,0.75,phase53,rms,/Users/taro252/Docker/TimeStretchLab/results/phase9a/female_1_075_phase53.wav,0.13047976416127394,0.8065376281738281,-13.99,0.12505117080342917,-0.36910801696713597,0.0,/Users/taro252/Docker/TimeStretchLab/results/phase9b/matched/rms/female_1_075_phase53.wav,0.12505116967432184,0.7729817032814026,-14.35,640000
female_1,0.75,phase9a,rms,/Users/taro252/Docker/TimeStretchLab/results/phase9a/female_1_075_phase9a.wav,0.12505117080342917,0.6998365521430969,-14.39,0.12505117080342917,0.0,0.0,/Users/taro252/Docker/TimeStretchLab/results/phase9b/matched/rms/female_1_075_phase9a.wav,0.12505117080342917,0.6998365521430969,-14.39,640000
female_1,0.75,phase53,lufs,/Users/taro252/Docker/TimeStretchLab/results/phase9a/female_1_075_phase53.wav,0.13047976416127394,0.8065376281738281,-13.99,-14.39,-0.40000000000000036,0.0,/Users/taro252/Docker/TimeStretchLab/results/phase9b/matched/lufs/female_1_075_phase53.wav,0.12460720821200369,0.7702374458312988,-14.39,640000
female_1,0.75,phase9a,lufs,/Users/taro252/Docker/TimeStretchLab/results/phase9a/female_1_075_phase9a.wav,0.12505117080342917,0.6998365521430969,-14.39,-14.39,0.0,0.0,/Users/taro252/Docker/TimeStretchLab/results/phase9b/matched/lufs/female_1_075_phase9a.wav,0.12505117080342917,0.6998365521430969,-14.39,640000
female_1,0.5,phase53,rms,/Users/taro252/Docker/TimeStretchLab/results/phase9a/female_1_050_phase53.wav,0.13025796802766496,0.7287055850028992,-13.71,0.12515444867104167,-0.34716015318776466,0.0,/Users/taro252/Docker/TimeStretchLab/results/phase9b/matched/rms/female_1_050_phase53.wav,0.12515444781751753,0.7001548409461975,-14.06,960000
female_1,0.5,phase9a,rms,/Users/taro252/Docker/TimeStretchLab/results/phase9a/female_1_050_phase9a.wav,0.12515444867104167,0.6193090677261353,-14.13,0.12515444867104167,0.0,0.0,/Users/taro252/Docker/TimeStretchLab/results/phase9b/matched/rms/female_1_050_phase9a.wav,0.12515444867104167,0.6193090677261353,-14.13,960000
female_1,0.5,phase53,lufs,/Users/taro252/Docker/TimeStretchLab/results/phase9a/female_1_050_phase53.wav,0.13025796802766496,0.7287055850028992,-13.71,-14.13,-0.41999999999999993,0.0,/Users/taro252/Docker/TimeStretchLab/results/phase9b/matched/lufs/female_1_050_phase53.wav,0.12410929190426757,0.6943078637123108,-14.13,960000
female_1,0.5,phase9a,lufs,/Users/taro252/Docker/TimeStretchLab/results/phase9a/female_1_050_phase9a.wav,0.12515444867104167,0.6193090677261353,-14.13,-14.13,0.0,0.0,/Users/taro252/Docker/TimeStretchLab/results/phase9b/matched/lufs/female_1_050_phase9a.wav,0.12515444867104167,0.6193090677261353,-14.13,960000
female_2,0.75,phase53,rms,/Users/taro252/Docker/TimeStretchLab/results/phase9a/female_2_075_phase53.wav,0.17336777343193804,1.2089232206344604,-12.29,0.12189575546722609,-3.0595957650463346,-2.4789438027790385,/Users/taro252/Docker/TimeStretchLab/results/phase9b/matched/rms/female_2_075_phase53.wav,0.1218957539689611,0.8500000238418579,-15.34,640000
female_2,0.75,phase9a,rms,/Users/taro252/Docker/TimeStretchLab/results/phase9a/female_2_075_phase9a.wav,0.16215702703067417,0.9812168478965759,-12.87,0.12189575546722609,-2.4789438027790385,-2.4789438027790385,/Users/taro252/Docker/TimeStretchLab/results/phase9b/matched/rms/female_2_075_phase9a.wav,0.12189575432289869,0.737594723701477,-15.34,640000
female_2,0.75,phase53,lufs,/Users/taro252/Docker/TimeStretchLab/results/phase9a/female_2_075_phase53.wav,0.17336777343193804,1.2089232206344604,-12.29,-15.349595764331655,-3.0595957643316556,-2.4795957643316555,/Users/taro252/Docker/TimeStretchLab/results/phase9b/matched/lufs/female_2_075_phase53.wav,0.1218957539689611,0.8500000238418579,-15.34,640000
female_2,0.75,phase9a,lufs,/Users/taro252/Docker/TimeStretchLab/results/phase9a/female_2_075_phase9a.wav,0.16215702703067417,0.9812168478965759,-12.87,-15.349595764331655,-2.4795957643316555,-2.4795957643316555,/Users/taro252/Docker/TimeStretchLab/results/phase9b/matched/lufs/female_2_075_phase9a.wav,0.1218866109145113,0.7375394105911255,-15.34,640000
female_2,0.5,phase53,rms,/Users/taro252/Docker/TimeStretchLab/results/phase9a/female_2_050_phase53.wav,0.17291896013172478,1.25645911693573,-12.03,0.116980424784556,-3.394588422587251,-2.838365635353724,/Users/taro252/Docker/TimeStretchLab/results/phase9b/matched/rms/female_2_050_phase53.wav,0.11698042249230656,0.8500000238418579,-15.43,960000
female_2,0.5,phase9a,rms,/Users/taro252/Docker/TimeStretchLab/results/phase9a/female_2_050_phase9a.wav,0.16219276435557378,0.9428656101226807,-12.55,0.116980424784556,-2.838365635353724,-2.838365635353724,/Users/taro252/Docker/TimeStretchLab/results/phase9b/matched/rms/female_2_050_phase9a.wav,0.11698042880734652,0.680035412311554,-15.39,960000
female_2,0.5,phase53,lufs,/Users/taro252/Docker/TimeStretchLab/results/phase9a/female_2_050_phase53.wav,0.17291896013172478,1.25645911693573,-12.03,-15.424589022448652,-3.394589022448652,-2.8745890224486508,/Users/taro252/Docker/TimeStretchLab/results/phase9b/matched/lufs/female_2_050_phase53.wav,0.1169804121792901,0.8499999642372131,-15.43,960000
female_2,0.5,phase9a,lufs,/Users/taro252/Docker/TimeStretchLab/results/phase9a/female_2_050_phase9a.wav,0.16219276435557378,0.9428656101226807,-12.55,-15.424589022448652,-2.8745890224486508,-2.8745890224486508,/Users/taro252/Docker/TimeStretchLab/results/phase9b/matched/lufs/female_2_050_phase9a.wav,0.1164935861030487,0.6772052645683289,-15.42,960000
female_3,0.75,phase53,rms,/Users/taro252/Docker/TimeStretchLab/results/phase9a/female_3_075_phase53.wav,0.20746653024542372,1.0219941139221191,-12.02,0.17073916990615864,-1.6922975607111228,-0.8156973667723467,/Users/taro252/Docker/TimeStretchLab/results/phase9b/matched/rms/female_3_075_phase53.wav,0.17073916998647912,0.841072678565979,-13.72,640000
female_3,0.75,phase9a,rms,/Users/taro252/Docker/TimeStretchLab/results/phase9a/female_3_075_phase9a.wav,0.1875504169534836,0.9336923360824585,-12.93,0.17073916990615864,-0.8156973667723467,-0.8156973667723467,/Users/taro252/Docker/TimeStretchLab/results/phase9b/matched/rms/female_3_075_phase9a.wav,0.17073916491245272,0.8499999642372131,-13.75,640000
female_3,0.75,phase53,lufs,/Users/taro252/Docker/TimeStretchLab/results/phase9a/female_3_075_phase53.wav,0.20746653024542372,1.0219941139221191,-12.02,-13.745697366772346,-1.725697366772347,-0.8156973667723467,/Users/taro252/Docker/TimeStretchLab/results/phase9b/matched/lufs/female_3_075_phase53.wav,0.17008388492110435,0.8378446698188782,-13.8,640000
female_3,0.75,phase9a,lufs,/Users/taro252/Docker/TimeStretchLab/results/phase9a/female_3_075_phase9a.wav,0.1875504169534836,0.9336923360824585,-12.93,-13.745697366772346,-0.8156973667723467,-0.8156973667723467,/Users/taro252/Docker/TimeStretchLab/results/phase9b/matched/lufs/female_3_075_phase9a.wav,0.17073916491245272,0.8499999642372131,-13.75,640000
female_3,0.5,phase53,rms,/Users/taro252/Docker/TimeStretchLab/results/phase9a/female_3_050_phase53.wav,0.20620404688031568,1.1217325925827026,-11.69,0.15625242511274956,-2.409408355958968,-1.6073627171460303,/Users/taro252/Docker/TimeStretchLab/results/phase9b/matched/rms/female_3_050_phase53.wav,0.1562524264077243,0.8500000238418579,-14.1,960000
female_3,0.5,phase9a,rms,/Users/taro252/Docker/TimeStretchLab/results/phase9a/female_3_050_phase9a.wav,0.18801604046157785,0.9554849863052368,-12.57,0.15625242511274956,-1.6073627171460303,-1.6073627171460303,/Users/taro252/Docker/TimeStretchLab/results/phase9b/matched/rms/female_3_050_phase9a.wav,0.15625242983220788,0.794064462184906,-14.18,960000
female_3,0.5,phase53,lufs,/Users/taro252/Docker/TimeStretchLab/results/phase9a/female_3_050_phase53.wav,0.20620404688031568,1.1217325925827026,-11.69,-14.13940833218393,-2.4094083321839306,-1.569408332183929,/Users/taro252/Docker/TimeStretchLab/results/phase9b/matched/lufs/female_3_050_phase53.wav,0.1562524264077243,0.8500000238418579,-14.1,960000
female_3,0.5,phase9a,lufs,/Users/taro252/Docker/TimeStretchLab/results/phase9a/female_3_050_phase9a.wav,0.18801604046157785,0.9554849863052368,-12.57,-14.13940833218393,-1.569408332183929,-1.569408332183929,/Users/taro252/Docker/TimeStretchLab/results/phase9b/matched/lufs/female_3_050_phase9a.wav,0.1569366841989365,0.7975417971611023,-14.14,960000
male_1,0.75,phase53,rms,/Users/taro252/Docker/TimeStretchLab/results/phase9a/male_1_075_phase53.wav,0.022564613032885584,0.23556417226791382,-26.48,0.021830460980729823,-0.28729967071908075,0.0,/Users/taro252/Docker/TimeStretchLab/results/phase9b/matched/rms/male_1_075_phase53.wav,0.021830460869741487,0.227899968624115,-26.76,640000
male_1,0.75,phase9a,rms,/Users/taro252/Docker/TimeStretchLab/results/phase9a/male_1_075_phase9a.wav,0.021830460980729823,0.19006963074207306,-26.8,0.021830460980729823,0.0,0.0,/Users/taro252/Docker/TimeStretchLab/results/phase9b/matched/rms/male_1_075_phase9a.wav,0.021830460980729823,0.19006963074207306,-26.8,640000
male_1,0.75,phase53,lufs,/Users/taro252/Docker/TimeStretchLab/results/phase9a/male_1_075_phase53.wav,0.022564613032885584,0.23556417226791382,-26.48,-26.8,-0.3200000000000003,0.0,/Users/taro252/Docker/TimeStretchLab/results/phase9b/matched/lufs/male_1_075_phase53.wav,0.021748429330376184,0.22704358398914337,-26.79,640000
male_1,0.75,phase9a,lufs,/Users/taro252/Docker/TimeStretchLab/results/phase9a/male_1_075_phase9a.wav,0.021830460980729823,0.19006963074207306,-26.8,-26.8,0.0,0.0,/Users/taro252/Docker/TimeStretchLab/results/phase9b/matched/lufs/male_1_075_phase9a.wav,0.021830460980729823,0.19006963074207306,-26.8,640000
male_1,0.5,phase53,rms,/Users/taro252/Docker/TimeStretchLab/results/phase9a/male_1_050_phase53.wav,0.021873811238153452,0.2377835214138031,-26.55,0.021855008508328753,-0.007469602297234224,0.0,/Users/taro252/Docker/TimeStretchLab/results/phase9b/matched/rms/male_1_050_phase53.wav,0.021855008113637633,0.2375791221857071,-26.56,960000
male_1,0.5,phase9a,rms,/Users/taro252/Docker/TimeStretchLab/results/phase9a/male_1_050_phase9a.wav,0.021855008508328753,0.21945233643054962,-26.5,0.021855008508328753,0.0,0.0,/Users/taro252/Docker/TimeStretchLab/results/phase9b/matched/rms/male_1_050_phase9a.wav,0.021855008508328753,0.21945233643054962,-26.5,960000
male_1,0.5,phase53,lufs,/Users/taro252/Docker/TimeStretchLab/results/phase9a/male_1_050_phase53.wav,0.021873811238153452,0.2377835214138031,-26.55,-26.55,0.0,0.0,/Users/taro252/Docker/TimeStretchLab/results/phase9b/matched/lufs/male_1_050_phase53.wav,0.021873811238153452,0.2377835214138031,-26.55,960000
male_1,0.5,phase9a,lufs,/Users/taro252/Docker/TimeStretchLab/results/phase9a/male_1_050_phase9a.wav,0.021855008508328753,0.21945233643054962,-26.5,-26.55,-0.05000000000000071,0.0,/Users/taro252/Docker/TimeStretchLab/results/phase9b/matched/lufs/male_1_050_phase9a.wav,0.021729562346499046,0.2181926965713501,-26.53,960000
male_2,0.75,phase53,rms,/Users/taro252/Docker/TimeStretchLab/results/phase9a/male_2_075_phase53.wav,0.07406755476369804,0.5079878568649292,-22.31,0.0705809393727784,-0.4188114622028865,0.0,/Users/taro252/Docker/TimeStretchLab/results/phase9b/matched/rms/male_2_075_phase53.wav,0.07058094137183861,0.484075129032135,-22.73,640000
male_2,0.75,phase9a,rms,/Users/taro252/Docker/TimeStretchLab/results/phase9a/male_2_075_phase9a.wav,0.0705809393727784,0.4020683765411377,-22.97,0.0705809393727784,0.0,0.0,/Users/taro252/Docker/TimeStretchLab/results/phase9b/matched/rms/male_2_075_phase9a.wav,0.0705809393727784,0.4020683765411377,-22.97,640000
male_2,0.75,phase53,lufs,/Users/taro252/Docker/TimeStretchLab/results/phase9a/male_2_075_phase53.wav,0.07406755476369804,0.5079878568649292,-22.31,-22.97,-0.6600000000000001,0.0,/Users/taro252/Docker/TimeStretchLab/results/phase9b/matched/lufs/male_2_075_phase53.wav,0.06864801805739994,0.47081828117370605,-22.98,640000
male_2,0.75,phase9a,lufs,/Users/taro252/Docker/TimeStretchLab/results/phase9a/male_2_075_phase9a.wav,0.0705809393727784,0.4020683765411377,-22.97,-22.97,0.0,0.0,/Users/taro252/Docker/TimeStretchLab/results/phase9b/matched/lufs/male_2_075_phase9a.wav,0.0705809393727784,0.4020683765411377,-22.97,640000
male_2,0.5,phase53,rms,/Users/taro252/Docker/TimeStretchLab/results/phase9a/male_2_050_phase53.wav,0.0740428354667903,0.6076061129570007,-22.09,0.07064264390492339,-0.4083219340307775,0.0,/Users/taro252/Docker/TimeStretchLab/results/phase9b/matched/rms/male_2_050_phase53.wav,0.07064264176567489,0.5797036290168762,-22.49,960000
male_2,0.5,phase9a,rms,/Users/taro252/Docker/TimeStretchLab/results/phase9a/male_2_050_phase9a.wav,0.07064264390492339,0.44741320610046387,-22.8,0.07064264390492339,0.0,0.0,/Users/taro252/Docker/TimeStretchLab/results/phase9b/matched/rms/male_2_050_phase9a.wav,0.07064264390492339,0.44741320610046387,-22.8,960000
male_2,0.5,phase53,lufs,/Users/taro252/Docker/TimeStretchLab/results/phase9a/male_2_050_phase53.wav,0.0740428354667903,0.6076061129570007,-22.09,-22.8,-0.7100000000000009,0.0,/Users/taro252/Docker/TimeStretchLab/results/phase9b/matched/lufs/male_2_050_phase53.wav,0.06823120308923036,0.5599150061607361,-22.79,960000
male_2,0.5,phase9a,lufs,/Users/taro252/Docker/TimeStretchLab/results/phase9a/male_2_050_phase9a.wav,0.07064264390492339,0.44741320610046387,-22.8,-22.8,0.0,0.0,/Users/taro252/Docker/TimeStretchLab/results/phase9b/matched/lufs/male_2_050_phase9a.wav,0.07064264390492339,0.44741320610046387,-22.8,960000
male_3,0.75,phase53,rms,/Users/taro252/Docker/TimeStretchLab/results/phase9a/male_3_075_phase53.wav,0.06161288414847917,0.35311782360076904,-24.26,0.05868393945730077,-0.42304557141284105,0.0,/Users/taro252/Docker/TimeStretchLab/results/phase9b/matched/rms/male_3_075_phase53.wav,0.05868393928836675,0.3363313674926758,-24.67,640000
male_3,0.75,phase9a,rms,/Users/taro252/Docker/TimeStretchLab/results/phase9a/male_3_075_phase9a.wav,0.05868393945730077,0.29412001371383667,-24.79,0.05868393945730077,0.0,0.0,/Users/taro252/Docker/TimeStretchLab/results/phase9b/matched/rms/male_3_075_phase9a.wav,0.05868393945730077,0.29412001371383667,-24.79,640000
male_3,0.75,phase53,lufs,/Users/taro252/Docker/TimeStretchLab/results/phase9a/male_3_075_phase53.wav,0.06161288414847917,0.35311782360076904,-24.26,-24.79,-0.5299999999999976,0.0,/Users/taro252/Docker/TimeStretchLab/results/phase9b/matched/lufs/male_3_075_phase53.wav,0.0579657619989802,0.3322153091430664,-24.78,640000
male_3,0.75,phase9a,lufs,/Users/taro252/Docker/TimeStretchLab/results/phase9a/male_3_075_phase9a.wav,0.05868393945730077,0.29412001371383667,-24.79,-24.79,0.0,0.0,/Users/taro252/Docker/TimeStretchLab/results/phase9b/matched/lufs/male_3_075_phase9a.wav,0.05868393945730077,0.29412001371383667,-24.79,640000
male_3,0.5,phase53,rms,/Users/taro252/Docker/TimeStretchLab/results/phase9a/male_3_050_phase53.wav,0.06103632384403947,0.333535760641098,-24.3,0.05866127241192564,-0.3447377932303583,0.0,/Users/taro252/Docker/TimeStretchLab/results/phase9b/matched/rms/male_3_050_phase53.wav,0.05866127124099436,0.320557177066803,-24.65,960000
male_3,0.5,phase9a,rms,/Users/taro252/Docker/TimeStretchLab/results/phase9a/male_3_050_phase9a.wav,0.05866127241192564,0.3245779573917389,-24.8,0.05866127241192564,0.0,0.0,/Users/taro252/Docker/TimeStretchLab/results/phase9b/matched/rms/male_3_050_phase9a.wav,0.05866127241192564,0.3245779573917389,-24.8,960000
male_3,0.5,phase53,lufs,/Users/taro252/Docker/TimeStretchLab/results/phase9a/male_3_050_phase53.wav,0.06103632384403947,0.333535760641098,-24.3,-24.8,-0.5,0.0,/Users/taro252/Docker/TimeStretchLab/results/phase9b/matched/lufs/male_3_050_phase53.wav,0.057622004503183076,0.31487804651260376,-24.8,960000
male_3,0.5,phase9a,lufs,/Users/taro252/Docker/TimeStretchLab/results/phase9a/male_3_050_phase9a.wav,0.05866127241192564,0.3245779573917389,-24.8,-24.8,0.0,0.0,/Users/taro252/Docker/TimeStretchLab/results/phase9b/matched/lufs/male_3_050_phase9a.wav,0.05866127241192564,0.3245779573917389,-24.8,960000
