name,speed,match_type,phase53,phase9a,lufs_difference,rms_difference_db
pure_vowel,0.75,rms,/Users/taro252/Docker/TimeStretchLab/results/phase9b/matched/rms/pure_vowel_075_phase53.wav,/Users/taro252/Docker/TimeStretchLab/results/phase9b/matched/rms/pure_vowel_075_phase9a.wav,0.010000000000001563,4.095644354243195e-08
pure_vowel,0.75,lufs,/Users/taro252/Docker/TimeStretchLab/results/phase9b/matched/lufs/pure_vowel_075_phase53.wav,/Users/taro252/Docker/TimeStretchLab/results/phase9b/matched/lufs/pure_vowel_075_phase9a.wav,0.0,-0.009237140836698497
pure_vowel,0.5,rms,/Users/taro252/Docker/TimeStretchLab/results/phase9b/matched/rms/pure_vowel_050_phase53.wav,/Users/taro252/Docker/TimeStretchLab/results/phase9b/matched/rms/pure_vowel_050_phase9a.wav,0.00999999999999801,-2.3529395515582924e-07
pure_vowel,0.5,lufs,/Users/taro252/Docker/TimeStretchLab/results/phase9b/matched/lufs/pure_vowel_050_phase53.wav,/Users/taro252/Docker/TimeStretchLab/results/phase9b/matched/lufs/pure_vowel_050_phase9a.wav,0.0,-0.011848421130183794
breathy_vowel,0.75,rms,/Users/taro252/Docker/TimeStretchLab/results/phase9b/matched/rms/breathy_vowel_075_phase53.wav,/Users/taro252/Docker/TimeStretchLab/results/phase9b/matched/rms/breathy_vowel_075_phase9a.wav,0.16000000000000014,1.4518583065034227e-07
breathy_vowel,0.75,lufs,/Users/taro252/Docker/TimeStretchLab/results/phase9b/matched/lufs/breathy_vowel_075_phase53.wav,/Users/taro252/Docker/TimeStretchLab/results/phase9b/matched/lufs/breathy_vowel_075_phase9a.wav,0.0,-0.16401431563265303
breathy_vowel,0.5,rms,/Users/taro252/Docker/TimeStretchLab/results/phase9b/matched/rms/breathy_vowel_050_phase53.wav,/Users/taro252/Docker/TimeStretchLab/results/phase9b/matched/rms/breathy_vowel_050_phase9a.wav,0.1599999999999966,1.998655498768422e-07
breathy_vowel,0.5,lufs,/Users/taro252/Docker/TimeStretchLab/results/phase9b/matched/lufs/breathy_vowel_050_phase53.wav,/Users/taro252/Docker/TimeStretchLab/results/phase9b/matched/lufs/breathy_vowel_050_phase9a.wav,0.0,-0.16207088064606134
female_1,0.75,rms,/Users/taro252/Docker/TimeStretchLab/results/phase9b/matched/rms/female_1_075_phase53.wav,/Users/taro252/Docker/TimeStretchLab/results/phase9b/matched/rms/female_1_075_phase9a.wav,0.040000000000000924,-7.842630863871306e-08
female_1,0.75,lufs,/Users/taro252/Docker/TimeStretchLab/results/phase9b/matched/lufs/female_1_075_phase53.wav,/Users/taro252/Docker/TimeStretchLab/results/phase9b/matched/lufs/female_1_075_phase9a.wav,0.0,-0.030891926420199667
female_1,0.5,rms,/Users/taro252/Docker/TimeStretchLab/results/phase9b/matched/rms/female_1_050_phase53.wav,/Users/taro252/Docker/TimeStretchLab/results/phase9b/matched/rms/female_1_050_phase9a.wav,0.07000000000000028,-5.9235740596973335e-08
female_1,0.5,lufs,/Users/taro252/Docker/TimeStretchLab/results/phase9b/matched/lufs/female_1_050_phase53.wav,/Users/taro252/Docker/TimeStretchLab/results/phase9b/matched/lufs/female_1_050_phase9a.wav,0.0,-0.07283987242753849
female_2,0.75,rms,/Users/taro252/Docker/TimeStretchLab/results/phase9b/matched/rms/female_2_075_phase53.wav,/Users/taro252/Docker/TimeStretchLab/results/phase9b/matched/rms/female_2_075_phase9a.wav,0.0,-2.5220425606802932e-08
female_2,0.75,lufs,/Users/taro252/Docker/TimeStretchLab/results/phase9b/matched/lufs/female_2_075_phase53.wav,/Users/taro252/Docker/TimeStretchLab/results/phase9b/matched/lufs/female_2_075_phase9a.wav,0.0,0.0006515283579346631
female_2,0.5,rms,/Users/taro252/Docker/TimeStretchLab/results/phase9b/matched/rms/female_2_050_phase53.wav,/Users/taro252/Docker/TimeStretchLab/results/phase9b/matched/rms/female_2_050_phase9a.wav,0.03999999999999915,-4.688967398359164e-07
female_2,0.5,lufs,/Users/taro252/Docker/TimeStretchLab/results/phase9b/matched/lufs/female_2_050_phase53.wav,/Users/taro252/Docker/TimeStretchLab/results/phase9b/matched/lufs/female_2_050_phase9a.wav,0.009999999999999787,0.036222652034528485
female_3,0.75,rms,/Users/taro252/Docker/TimeStretchLab/results/phase9b/matched/rms/female_3_075_phase53.wav,/Users/taro252/Docker/TimeStretchLab/results/phase9b/matched/rms/female_3_075_phase9a.wav,0.02999999999999936,2.5812725917061176e-07
female_3,0.75,lufs,/Users/taro252/Docker/TimeStretchLab/results/phase9b/matched/lufs/female_3_075_phase53.wav,/Users/taro252/Docker/TimeStretchLab/results/phase9b/matched/lufs/female_3_075_phase9a.wav,0.05000000000000071,-0.033399716966757136
female_3,0.5,rms,/Users/taro252/Docker/TimeStretchLab/results/phase9b/matched/rms/female_3_050_phase53.wav,/Users/taro252/Docker/TimeStretchLab/results/phase9b/matched/rms/female_3_050_phase9a.wav,0.08000000000000007,-1.9036303572683205e-07
female_3,0.5,lufs,/Users/taro252/Docker/TimeStretchLab/results/phase9b/matched/lufs/female_3_050_phase53.wav,/Users/taro252/Docker/TimeStretchLab/results/phase9b/matched/lufs/female_3_050_phase9a.wav,0.040000000000000924,-0.03795404702070582
male_1,0.75,rms,/Users/taro252/Docker/TimeStretchLab/results/phase9b/matched/rms/male_1_075_phase53.wav,/Users/taro252/Docker/TimeStretchLab/results/phase9b/matched/rms/male_1_075_phase9a.wav,0.03999999999999915,-4.415996756063609e-08
male_1,0.75,lufs,/Users/taro252/Docker/TimeStretchLab/results/phase9b/matched/lufs/male_1_075_phase53.wav,/Users/taro252/Docker/TimeStretchLab/results/phase9b/matched/lufs/male_1_075_phase9a.wav,0.010000000000001563,-0.032700176543054876
male_1,0.5,rms,/Users/taro252/Docker/TimeStretchLab/results/phase9b/matched/rms/male_1_050_phase53.wav,/Users/taro252/Docker/TimeStretchLab/results/phase9b/matched/rms/male_1_050_phase9a.wav,0.05999999999999872,-1.568630616522014e-07
male_1,0.5,lufs,/Users/taro252/Docker/TimeStretchLab/results/phase9b/matched/lufs/male_1_050_phase53.wav,/Users/taro252/Docker/TimeStretchLab/results/phase9b/matched/lufs/male_1_050_phase9a.wav,0.019999999999999574,0.057469613983008885
male_2,0.75,rms,/Users/taro252/Docker/TimeStretchLab/results/phase9b/matched/rms/male_2_075_phase53.wav,/Users/taro252/Docker/TimeStretchLab/results/phase9b/matched/rms/male_2_075_phase9a.wav,0.23999999999999844,2.4600998924070085e-07
male_2,0.75,lufs,/Users/taro252/Docker/TimeStretchLab/results/phase9b/matched/lufs/male_2_075_phase53.wav,/Users/taro252/Docker/TimeStretchLab/results/phase9b/matched/lufs/male_2_075_phase9a.wav,0.010000000000001563,-0.2411886190759287
male_2,0.5,rms,/Users/taro252/Docker/TimeStretchLab/results/phase9b/matched/rms/male_2_050_phase53.wav,/Users/taro252/Docker/TimeStretchLab/results/phase9b/matched/rms/male_2_050_phase9a.wav,0.3100000000000023,-2.6303201102694304e-07
male_2,0.5,lufs,/Users/taro252/Docker/TimeStretchLab/results/phase9b/matched/lufs/male_2_050_phase53.wav,/Users/taro252/Docker/TimeStretchLab/results/phase9b/matched/lufs/male_2_050_phase9a.wav,0.010000000000001563,-0.3016783184567338
male_3,0.75,rms,/Users/taro252/Docker/TimeStretchLab/results/phase9b/matched/rms/male_3_075_phase53.wav,/Users/taro252/Docker/TimeStretchLab/results/phase9b/matched/rms/male_3_075_phase9a.wav,0.11999999999999744,-2.500415395659882e-08
male_3,0.75,lufs,/Users/taro252/Docker/TimeStretchLab/results/phase9b/matched/lufs/male_3_075_phase53.wav,/Users/taro252/Docker/TimeStretchLab/results/phase9b/matched/lufs/male_3_075_phase9a.wav,0.00999999999999801,-0.10695422079355109
male_3,0.5,rms,/Users/taro252/Docker/TimeStretchLab/results/phase9b/matched/rms/male_3_050_phase53.wav,/Users/taro252/Docker/TimeStretchLab/results/phase9b/matched/rms/male_3_050_phase9a.wav,0.15000000000000213,-1.7337810040688599e-07
male_3,0.5,lufs,/Users/taro252/Docker/TimeStretchLab/results/phase9b/matched/lufs/male_3_050_phase53.wav,/Users/taro252/Docker/TimeStretchLab/results/phase9b/matched/lufs/male_3_050_phase9a.wav,0.0,-0.15526233795671535
