name,speed,comparison,random_source,analysis_source,random_file,analysis_file,random_original_rms,analysis_original_rms,random_original_lufs,analysis_original_lufs,random_gain_db,analysis_gain_db,post_rms_difference_db,post_lufs_difference
pure_vowel,0.75,residual_rms,/Users/taro252/Docker/TimeStretchLab/results/phase9b/components/pure_vowel_075/residual_output.wav,/Users/taro252/Docker/TimeStretchLab/results/phase9b/phase_variants/pure_vowel_075/residual_output.wav,/Users/taro252/Docker/TimeStretchLab/results/phase9b/phase_compare/residual_rms/pure_vowel_075_random.wav,/Users/taro252/Docker/TimeStretchLab/results/phase9b/phase_compare/residual_rms/pure_vowel_075_analysis.wav,0.0005479658398508787,0.0010602818288820053,-65.72,-61.19,0.0,-5.733356661718439,1.3206155004936338e-07,1.1899999999999977
pure_vowel,0.75,combined_lufs,/Users/taro252/Docker/TimeStretchLab/results/phase9b/components/pure_vowel_075/combined.wav,/Users/taro252/Docker/TimeStretchLab/results/phase9b/phase_variants/pure_vowel_075/combined.wav,/Users/taro252/Docker/TimeStretchLab/results/phase9b/phase_compare/combined_lufs/pure_vowel_075_random.wav,/Users/taro252/Docker/TimeStretchLab/results/phase9b/phase_compare/combined_lufs/pure_vowel_075_analysis.wav,0.04988028101895632,0.049892954964786455,-26.5,-26.5,0.0,0.0,-0.002206693894731354,0.0
pure_vowel,0.5,residual_rms,/Users/taro252/Docker/TimeStretchLab/results/phase9b/components/pure_vowel_050/residual_output.wav,/Users/taro252/Docker/TimeStretchLab/results/phase9b/phase_variants/pure_vowel_050/residual_output.wav,/Users/taro252/Docker/TimeStretchLab/results/phase9b/phase_compare/residual_rms/pure_vowel_050_random.wav,/Users/taro252/Docker/TimeStretchLab/results/phase9b/phase_compare/residual_rms/pure_vowel_050_analysis.wav,0.0005451534841957885,0.0011369861989685055,-65.57,-59.82,0.0,-6.384728020782826,-2.623835335732064e-07,0.6300000000000097
pure_vowel,0.5,combined_lufs,/Users/taro252/Docker/TimeStretchLab/results/phase9b/components/pure_vowel_050/combined.wav,/Users/taro252/Docker/TimeStretchLab/results/phase9b/phase_variants/pure_vowel_050/combined.wav,/Users/taro252/Docker/TimeStretchLab/results/phase9b/phase_compare/combined_lufs/pure_vowel_050_random.wav,/Users/taro252/Docker/TimeStretchLab/results/phase9b/phase_compare/combined_lufs/pure_vowel_050_analysis.wav,0.04987357371541211,0.049758304771929496,-26.49,-26.51,-0.020000000000003126,0.0,9.801496665186969e-05,0.0
breathy_vowel,0.75,residual_rms,/Users/taro252/Docker/TimeStretchLab/results/phase9b/components/breathy_vowel_075/residual_output.wav,/Users/taro252/Docker/TimeStretchLab/results/phase9b/phase_variants/breathy_vowel_075/residual_output.wav,/Users/taro252/Docker/TimeStretchLab/results/phase9b/phase_compare/residual_rms/breathy_vowel_075_random.wav,/Users/taro252/Docker/TimeStretchLab/results/phase9b/phase_compare/residual_rms/breathy_vowel_075_analysis.wav,0.010001443513971219,0.015721530543584133,-36.99,-33.09,0.0,-3.928642745822632,-2.4405512887097877e-07,0.030000000000001137
breathy_vowel,0.75,combined_lufs,/Users/taro252/Docker/TimeStretchLab/results/phase9b/components/breathy_vowel_075/combined.wav,/Users/taro252/Docker/TimeStretchLab/results/phase9b/phase_variants/breathy_vowel_075/combined.wav,/Users/taro252/Docker/TimeStretchLab/results/phase9b/phase_compare/combined_lufs/breathy_vowel_075_random.wav,/Users/taro252/Docker/TimeStretchLab/results/phase9b/phase_compare/combined_lufs/breathy_vowel_075_analysis.wav,0.0510112654313585,0.05243226066939432,-26.09,-25.6,0.0,-0.48999999999999844,0.2513501327076157,0.0
breathy_vowel,0.5,residual_rms,/Users/taro252/Docker/TimeStretchLab/results/phase9b/components/breathy_vowel_050/residual_output.wav,/Users/taro252/Docker/TimeStretchLab/results/phase9b/phase_variants/breathy_vowel_050/residual_output.wav,/Users/taro252/Docker/TimeStretchLab/results/phase9b/phase_compare/residual_rms/breathy_vowel_050_random.wav,/Users/taro252/Docker/TimeStretchLab/results/phase9b/phase_compare/residual_rms/breathy_vowel_050_analysis.wav,0.010044068628656347,0.015721530545838205,-36.94,-33.07,0.0,-3.891703047312797,3.904211659563907e-08,0.030000000000001137
breathy_vowel,0.5,combined_lufs,/Users/taro252/Docker/TimeStretchLab/results/phase9b/components/breathy_vowel_050/combined.wav,/Users/taro252/Docker/TimeStretchLab/results/phase9b/phase_variants/breathy_vowel_050/combined.wav,/Users/taro252/Docker/TimeStretchLab/results/phase9b/phase_compare/combined_lufs/breathy_vowel_050_random.wav,/Users/taro252/Docker/TimeStretchLab/results/phase9b/phase_compare/combined_lufs/breathy_vowel_050_analysis.wav,0.05101121014792785,0.052347557467113545,-26.08,-25.61,0.0,-0.46999999999999886,0.24538397202515538,0.00999999999999801
female_1,0.75,residual_rms,/Users/taro252/Docker/TimeStretchLab/results/phase9b/components/female_1_075/residual_output.wav,/Users/taro252/Docker/TimeStretchLab/results/phase9b/phase_variants/female_1_075/residual_output.wav,/Users/taro252/Docker/TimeStretchLab/results/phase9b/phase_compare/residual_rms/female_1_075_random.wav,/Users/taro252/Docker/TimeStretchLab/results/phase9b/phase_compare/residual_rms/female_1_075_analysis.wav,0.016020099432073474,0.03295100272788595,-30.11,-24.06,0.0,-6.264068555945763,1.7230964817126665e-07,0.240000000000002
female_1,0.75,combined_lufs,/Users/taro252/Docker/TimeStretchLab/results/phase9b/components/female_1_075/combined.wav,/Users/taro252/Docker/TimeStretchLab/results/phase9b/phase_variants/female_1_075/combined.wav,/Users/taro252/Docker/TimeStretchLab/results/phase9b/phase_compare/combined_lufs/female_1_075_random.wav,/Users/taro252/Docker/TimeStretchLab/results/phase9b/phase_compare/combined_lufs/female_1_075_analysis.wav,0.12505117080342917,0.12858219720515285,-14.39,-14.14,0.0,-0.25,0.00813839839164517,0.0
female_1,0.5,residual_rms,/Users/taro252/Docker/TimeStretchLab/results/phase9b/components/female_1_050/residual_output.wav,/Users/taro252/Docker/TimeStretchLab/results/phase9b/phase_variants/female_1_050/residual_output.wav,/Users/taro252/Docker/TimeStretchLab/results/phase9b/phase_compare/residual_rms/female_1_050_random.wav,/Users/taro252/Docker/TimeStretchLab/results/phase9b/phase_compare/residual_rms/female_1_050_analysis.wav,0.016071908942966413,0.037673808528428894,-29.68,-22.26,0.0,-7.399441260047279,1.4823627610183642e-07,0.019999999999999574
female_1,0.5,combined_lufs,/Users/taro252/Docker/TimeStretchLab/results/phase9b/components/female_1_050/combined.wav,/Users/taro252/Docker/TimeStretchLab/results/phase9b/phase_variants/female_1_050/combined.wav,/Users/taro252/Docker/TimeStretchLab/results/phase9b/phase_compare/combined_lufs/female_1_050_random.wav,/Users/taro252/Docker/TimeStretchLab/results/phase9b/phase_compare/combined_lufs/female_1_050_analysis.wav,0.12515444867104167,0.12964989344556616,-14.13,-13.64,0.0,-0.4900000000000002,0.1834823969176302,0.0
male_1,0.75,residual_rms,/Users/taro252/Docker/TimeStretchLab/results/phase9b/components/male_1_075/residual_output.wav,/Users/taro252/Docker/TimeStretchLab/results/phase9b/phase_variants/male_1_075/residual_output.wav,/Users/taro252/Docker/TimeStretchLab/results/phase9b/phase_compare/residual_rms/male_1_075_random.wav,/Users/taro252/Docker/TimeStretchLab/results/phase9b/phase_compare/residual_rms/male_1_075_analysis.wav,0.003565478849385138,0.007196117747164921,-42.23,-36.18,0.0,-6.099607927673702,8.51721362610908e-08,0.04000000000000625
male_1,0.75,combined_lufs,/Users/taro252/Docker/TimeStretchLab/results/phase9b/components/male_1_075/combined.wav,/Users/taro252/Docker/TimeStretchLab/results/phase9b/phase_variants/male_1_075/combined.wav,/Users/taro252/Docker/TimeStretchLab/results/phase9b/phase_compare/combined_lufs/male_1_075_random.wav,/Users/taro252/Docker/TimeStretchLab/results/phase9b/phase_compare/combined_lufs/male_1_075_analysis.wav,0.021830460980729823,0.022704357788591024,-26.8,-26.44,0.0,-0.35999999999999943,0.019073488577924864,0.0
male_1,0.5,residual_rms,/Users/taro252/Docker/TimeStretchLab/results/phase9b/components/male_1_050/residual_output.wav,/Users/taro252/Docker/TimeStretchLab/results/phase9b/phase_variants/male_1_050/residual_output.wav,/Users/taro252/Docker/TimeStretchLab/results/phase9b/phase_compare/residual_rms/male_1_050_random.wav,/Users/taro252/Docker/TimeStretchLab/results/phase9b/phase_compare/residual_rms/male_1_050_analysis.wav,0.003549590065771971,0.007196117747050378,-42.25,-36.02,0.0,-6.138401213166404,6.47680993653814e-08,0.0799999999999983
male_1,0.5,combined_lufs,/Users/taro252/Docker/TimeStretchLab/results/phase9b/components/male_1_050/combined.wav,/Users/taro252/Docker/TimeStretchLab/results/phase9b/phase_variants/male_1_050/combined.wav,/Users/taro252/Docker/TimeStretchLab/results/phase9b/phase_compare/combined_lufs/male_1_050_random.wav,/Users/taro252/Docker/TimeStretchLab/results/phase9b/phase_compare/combined_lufs/male_1_050_analysis.wav,0.021855008508328753,0.022718210182440825,-26.5,-26.15,0.0,-0.3500000000000014,0.013537109044365649,0.0
