name,speed,variant,file,f0_method,f0_median_hz,valid_frames,harmonic_energy_ratio,spectral_flatness_median,top10_power_ratio_median,rms,rms_over_source,peak
pure_vowel,0.75,input_residual,/Users/taro252/Docker/TimeStretchLab/results/phase9b/components/pure_vowel_075/residual_input.wav,known synthetic F0,164.97445282996,137,0.9769114330448282,2.565988939963019e-07,0.5414748949033994,0.005636257145440328,0.11250770820823643,0.0799785852432251
pure_vowel,0.75,random_stretched,/Users/taro252/Docker/TimeStretchLab/results/phase9b/components/pure_vowel_075/residual_output.wav,known synthetic F0,164.96168296919598,184,0.5023842406939825,1.2474214843634426e-05,0.35193629615793615,0.0005479658398508787,0.010938177451307093,0.013315428979694843
pure_vowel,0.75,analysis_phase_stretched,/Users/taro252/Docker/TimeStretchLab/results/phase9b/phase_variants/pure_vowel_075/residual_output.wav,known synthetic F0,164.96168296919598,184,0.8904749421620447,1.2084148274152784e-05,0.45586247307204825,0.0010602818288820053,0.021164733180929506,0.07209904491901398
pure_vowel,0.5,input_residual,/Users/taro252/Docker/TimeStretchLab/results/phase9b/components/pure_vowel_050/residual_input.wav,known synthetic F0,164.97445282996,137,0.9769114330448282,2.565988939963019e-07,0.5414748949033994,0.005636257145440328,0.11250770820823643,0.0799785852432251
pure_vowel,0.5,random_stretched,/Users/taro252/Docker/TimeStretchLab/results/phase9b/components/pure_vowel_050/residual_output.wav,known synthetic F0,164.968067899578,278,0.4794069970201344,1.150080760355564e-05,0.36387169987334705,0.0005451534841957885,0.010882038832848806,0.014730222523212433
pure_vowel,0.5,analysis_phase_stretched,/Users/taro252/Docker/TimeStretchLab/results/phase9b/phase_variants/pure_vowel_050/residual_output.wav,known synthetic F0,164.968067899578,278,0.9370806010923102,1.1572537119170498e-05,0.5180144540942166,0.0011369861989685055,0.02269586149273302,0.08508145064115524
breathy_vowel,0.75,input_residual,/Users/taro252/Docker/TimeStretchLab/results/phase9b/components/breathy_vowel_075/residual_input.wav,known synthetic F0,164.97445282996,137,0.43529533313078483,0.4453549096614177,0.17393767195930718,0.01572153054415455,0.3004377788731722,0.09633972495794296
breathy_vowel,0.75,random_stretched,/Users/taro252/Docker/TimeStretchLab/results/phase9b/components/breathy_vowel_075/residual_output.wav,known synthetic F0,164.96168296919598,184,0.18160393184588258,0.41773639144280655,0.06957994773466852,0.010001443513971219,0.1911271594342468,0.04820108041167259
breathy_vowel,0.75,analysis_phase_stretched,/Users/taro252/Docker/TimeStretchLab/results/phase9b/phase_variants/breathy_vowel_075/residual_output.wav,known synthetic F0,164.96168296919598,184,0.17910436685540113,0.3595488542026981,0.0738782811168044,0.015721530543584133,0.3004377788622716,0.0914345234632492
breathy_vowel,0.5,input_residual,/Users/taro252/Docker/TimeStretchLab/results/phase9b/components/breathy_vowel_050/residual_input.wav,known synthetic F0,164.97445282996,137,0.43529533313078483,0.4453549096614177,0.17393767195930718,0.01572153054415455,0.3004377788731722,0.09633972495794296
breathy_vowel,0.5,random_stretched,/Users/taro252/Docker/TimeStretchLab/results/phase9b/components/breathy_vowel_050/residual_output.wav,known synthetic F0,164.968067899578,278,0.17707923859924146,0.3913668979490639,0.07543028372034777,0.010044068628656347,0.19194172355980998,0.050714023411273956
breathy_vowel,0.5,analysis_phase_stretched,/Users/taro252/Docker/TimeStretchLab/results/phase9b/phase_variants/breathy_vowel_050/residual_output.wav,known synthetic F0,164.968067899578,278,0.17786600174349262,0.3165712122528601,0.07543067031723236,0.015721530545838205,0.3004377789053468,0.07911667972803116
female_1,0.75,input_residual,/Users/taro252/Docker/TimeStretchLab/results/phase9b/components/female_1_075/residual_input.wav,harmonic-comb input estimate,364.0,231,0.548813729345701,0.003732456407600994,0.6125308323133782,0.04367185758263057,0.3284166667586567,0.5737161040306091
female_1,0.75,random_stretched,/Users/taro252/Docker/TimeStretchLab/results/phase9b/components/female_1_075/residual_output.wav,harmonic-comb input estimate,362.5,309,0.16843775360617172,0.015476791433378633,0.40461327827741767,0.016020099432073474,0.12047272426342502,0.29946333169937134
female_1,0.75,analysis_phase_stretched,/Users/taro252/Docker/TimeStretchLab/results/phase9b/phase_variants/female_1_075/residual_output.wav,harmonic-comb input estimate,362.5,309,0.14254009877809024,0.013314496808674987,0.41015924274171467,0.03295100272788595,0.24779478321416223,0.7768985629081726
female_1,0.5,input_residual,/Users/taro252/Docker/TimeStretchLab/results/phase9b/components/female_1_050/residual_input.wav,harmonic-comb input estimate,364.0,231,0.548813729345701,0.003732456407600994,0.6125308323133782,0.04367185758263057,0.3284166667586567,0.5737161040306091
female_1,0.5,random_stretched,/Users/taro252/Docker/TimeStretchLab/results/phase9b/components/female_1_050/residual_output.wav,harmonic-comb input estimate,364.0,465,0.15568544304728757,0.013249005900537002,0.4025869448373613,0.016071908942966413,0.12086233688390174,0.3384270966053009
female_1,0.5,analysis_phase_stretched,/Users/taro252/Docker/TimeStretchLab/results/phase9b/phase_variants/female_1_050/residual_output.wav,harmonic-comb input estimate,364.0,465,0.14435104939316748,0.00968826112265087,0.4380172645379353,0.037673808528428894,0.2833107476044577,0.7403028011322021
female_2,0.75,input_residual,/Users/taro252/Docker/TimeStretchLab/results/phase9b/components/female_2_075/residual_input.wav,harmonic-comb input estimate,362.0,231,0.3996375886028469,0.03735869219740275,0.3779102459431195,0.06833274684520965,0.3884350298371706,1.1234498023986816
female_2,0.75,random_stretched,/Users/taro252/Docker/TimeStretchLab/results/phase9b/components/female_2_075/residual_output.wav,harmonic-comb input estimate,355.0,309,0.10076645748816478,0.05869397570757384,0.34290164003267143,0.027478044328944906,0.15619794990765914,0.4295278489589691
female_2,0.5,input_residual,/Users/taro252/Docker/TimeStretchLab/results/phase9b/components/female_2_050/residual_input.wav,harmonic-comb input estimate,362.0,231,0.3996375886028469,0.03735869219740275,0.3779102459431195,0.06833274684520965,0.3884350298371706,1.1234498023986816
female_2,0.5,random_stretched,/Users/taro252/Docker/TimeStretchLab/results/phase9b/components/female_2_050/residual_output.wav,harmonic-comb input estimate,356.0,465,0.10271304768792412,0.0548088468630226,0.35782645585935163,0.027670269003647465,0.15729064412384025,0.40079912543296814
female_3,0.75,input_residual,/Users/taro252/Docker/TimeStretchLab/results/phase9b/components/female_3_075/residual_input.wav,harmonic-comb input estimate,276.0,231,0.3471782621155024,0.009583661359065172,0.4644580500610692,0.09313081590782174,0.4372907771803432,0.8264644145965576
female_3,0.75,random_stretched,/Users/taro252/Docker/TimeStretchLab/results/phase9b/components/female_3_075/residual_output.wav,harmonic-comb input estimate,276.0,309,0.14442752743226997,0.02471239130688568,0.3493592279354788,0.0425543106915269,0.19981149540330306,0.42940831184387207
female_3,0.5,input_residual,/Users/taro252/Docker/TimeStretchLab/results/phase9b/components/female_3_050/residual_input.wav,harmonic-comb input estimate,276.0,231,0.3471782621155024,0.009583661359065172,0.4644580500610692,0.09313081590782174,0.4372907771803432,0.8264644145965576
female_3,0.5,random_stretched,/Users/taro252/Docker/TimeStretchLab/results/phase9b/components/female_3_050/residual_output.wav,harmonic-comb input estimate,276.0,465,0.1478988157275014,0.023297109554191023,0.36494768564652363,0.04300961413457408,0.20194934842780626,0.608196496963501
male_1,0.75,input_residual,/Users/taro252/Docker/TimeStretchLab/results/phase9b/components/male_1_075/residual_input.wav,harmonic-comb input estimate,246.0,231,0.2078678016274912,0.14023757802935724,0.3167059203963921,0.007196117747166954,0.3149597340535111,0.09227538108825684
male_1,0.75,random_stretched,/Users/taro252/Docker/TimeStretchLab/results/phase9b/components/male_1_075/residual_output.wav,harmonic-comb input estimate,246.0,309,0.03182157868165359,0.1485412991591461,0.2853264448226813,0.003565478849385138,0.15605390428997215,0.04076005145907402
male_1,0.75,analysis_phase_stretched,/Users/taro252/Docker/TimeStretchLab/results/phase9b/phase_variants/male_1_075/residual_output.wav,harmonic-comb input estimate,246.0,309,0.03125615900642806,0.1315930497998245,0.30081884300595885,0.007196117747164921,0.3149597340534221,0.08328228443861008
male_1,0.5,input_residual,/Users/taro252/Docker/TimeStretchLab/results/phase9b/components/male_1_050/residual_input.wav,harmonic-comb input estimate,246.0,231,0.2078678016274912,0.14023757802935724,0.3167059203963921,0.007196117747166954,0.3149597340535111,0.09227538108825684
male_1,0.5,random_stretched,/Users/taro252/Docker/TimeStretchLab/results/phase9b/components/male_1_050/residual_output.wav,harmonic-comb input estimate,246.0,465,0.0377109462987129,0.14120963001563397,0.30218800591120815,0.003549590065771971,0.15535848389288273,0.045043300837278366
male_1,0.5,analysis_phase_stretched,/Users/taro252/Docker/TimeStretchLab/results/phase9b/phase_variants/male_1_050/residual_output.wav,harmonic-comb input estimate,246.0,465,0.030000578564135467,0.11128906020566143,0.32961379828351317,0.007196117747050378,0.31495973404840877,0.07344844192266464
male_2,0.75,input_residual,/Users/taro252/Docker/TimeStretchLab/results/phase9b/components/male_2_075/residual_input.wav,harmonic-comb input estimate,194.0,231,0.396147678244157,0.0060939037877304975,0.5425233347821607,0.02675868643626786,0.3517324723182818,0.4318140149116516
male_2,0.75,random_stretched,/Users/taro252/Docker/TimeStretchLab/results/phase9b/components/male_2_075/residual_output.wav,harmonic-comb input estimate,194.0,309,0.15081576907331637,0.019934186792019727,0.3820051828474224,0.012044237563083269,0.15831679426200027,0.24160125851631165
male_2,0.5,input_residual,/Users/taro252/Docker/TimeStretchLab/results/phase9b/components/male_2_050/residual_input.wav,harmonic-comb input estimate,194.0,231,0.396147678244157,0.0060939037877304975,0.5425233347821607,0.02675868643626786,0.3517324723182818,0.4318140149116516
male_2,0.5,random_stretched,/Users/taro252/Docker/TimeStretchLab/results/phase9b/components/male_2_050/residual_output.wav,harmonic-comb input estimate,194.0,465,0.15750285543481868,0.018217611230149894,0.41602674152017066,0.012175180456716042,0.16003798740874386,0.24809542298316956
male_3,0.75,input_residual,/Users/taro252/Docker/TimeStretchLab/results/phase9b/components/male_3_075/residual_input.wav,harmonic-comb input estimate,296.0,231,0.22451597695444925,0.015399931423054042,0.5861205926674642,0.022020262696535144,0.3509281379963163,0.37515902519226074
male_3,0.75,random_stretched,/Users/taro252/Docker/TimeStretchLab/results/phase9b/components/male_3_075/residual_output.wav,harmonic-comb input estimate,292.0,309,0.13123928163481108,0.03235445913324284,0.5180942846757112,0.010597445871290509,0.16888726526018683,0.16640117764472961
male_3,0.5,input_residual,/Users/taro252/Docker/TimeStretchLab/results/phase9b/components/male_3_050/residual_input.wav,harmonic-comb input estimate,296.0,231,0.22451597695444925,0.015399931423054042,0.5861205926674642,0.022020262696535144,0.3509281379963163,0.37515902519226074
male_3,0.5,random_stretched,/Users/taro252/Docker/TimeStretchLab/results/phase9b/components/male_3_050/residual_output.wav,harmonic-comb input estimate,295.0,465,0.12317099826732052,0.030439203965553257,0.5006715501968654,0.010601342074274581,0.16894935749211426,0.17639967799186707
