name,speed,quality,max_difference,changed_samples
bass,0.75,normal,0.0000000000,0
bass,0.75,high,0.0000000000,0
bass,0.5,normal,0.0000000000,0
bass,0.5,high,0.0000000000,0
mix,0.75,normal,0.0000000000,0
mix,0.75,high,0.0000000000,0
mix,0.5,normal,0.0000000000,0
mix,0.5,high,0.0000000000,0
female,0.75,normal,0.0000000000,0
female,0.75,high,0.0000000000,0
female,0.5,normal,0.0000000000,0
female,0.5,high,0.0000000000,0
male,0.75,normal,0.0000000000,0
male,0.75,high,0.0000000000,0
male,0.5,normal,0.0000000000,0
male,0.5,high,0.0000000000,0
