FFT,Ha,speed,phase_locking,partial_tracking,pvsola,pvsola_interval_ms,pvsola_search_ms,pvsola_min_correlation,transient,transient_count,adaptive_time_map,precise_anchoring,stereo_coherence,average_coherence_weight,multiresolution,chunked,chunk_size,quality,ablation,ola_ring_samples,fir_ring_samples,event_count,time_map_hash,anchored_event_count,max_event_anchor_error_samples,input_frames,output_frames,processing_seconds,peak,track_continuity_ratio,trackable_peak_frames,matched_peak_frames,applied_peak_frames,average_track_lifetime_frames,average_track_count,track_switches_per_second,peak_phase_discontinuity_mean_rad,peak_phase_discontinuity_max_rad,resync_scheduled,resync_applied,resync_transient_suppressed,resync_per_second,resync_skip_rate,average_resync_correlation,average_resync_offset_samples,cpu_seconds,max_rss_bytes,name,section,start_sec,duration_sec,mode,input,output,diagnostics
4096,1024,0.75,on,off,off,120,10,0.65,on,20,on,on,on,0.0513164,on,on,16384,high,b,98304,32768,20,9383316083530990120,0,0,480000,640000,1.00786,0.59703,0,0,0,0,0,0,0,0,0,0,0,0,0,0,0,0,1.01137,14548992,female,1,15,10,off,/Users/taro252/Docker/TimeStretchLab/results/phase7/female_1_input.wav,/Users/taro252/Docker/TimeStretchLab/results/phase7/female_1_075_off.wav,
4096,1024,0.75,on,off,on,120,10,0.65,on,20,on,on,on,0.0513164,on,on,16384,high,b,98304,32768,20,9383316083530990120,0,0,480000,640000,1.06038,0.596407,0,0,0,0,0,0,0,0,0,227,48,98,4.8,0.788546,0.881796,266.354,1.05311,14548992,female,1,15,10,on,/Users/taro252/Docker/TimeStretchLab/results/phase7/female_1_input.wav,/Users/taro252/Docker/TimeStretchLab/results/phase7/female_1_075_on.wav,/Users/taro252/Docker/TimeStretchLab/results/phase7/diagnostics/female_1_075/pvsola_resync.csv
4096,1024,0.50,on,off,off,120,10,0.65,on,20,on,on,on,0.0513164,on,on,16384,high,b,98304,32768,20,14439562686151766327,0,0,480000,960000,1.03646,0.568414,0,0,0,0,0,0,0,0,0,0,0,0,0,0,0,0,1.03396,14483456,female,1,15,10,off,/Users/taro252/Docker/TimeStretchLab/results/phase7/female_1_input.wav,/Users/taro252/Docker/TimeStretchLab/results/phase7/female_1_050_off.wav,
4096,1024,0.50,on,off,on,120,10,0.65,on,20,on,on,on,0.0513164,on,on,16384,high,b,98304,32768,20,14439562686151766327,0,0,480000,960000,1.22653,0.645099,0,0,0,0,0,0,0,0,0,262,41,96,4.1,0.843511,0.820086,269.878,1.22395,14516224,female,1,15,10,on,/Users/taro252/Docker/TimeStretchLab/results/phase7/female_1_input.wav,/Users/taro252/Docker/TimeStretchLab/results/phase7/female_1_050_on.wav,/Users/taro252/Docker/TimeStretchLab/results/phase7/diagnostics/female_1_050/pvsola_resync.csv
4096,1024,0.75,on,off,off,120,10,0.65,on,13,on,on,on,0.0315683,on,on,16384,high,b,98304,32768,11,8233089075862897362,0,0,480000,640000,1.08217,0.869985,0,0,0,0,0,0,0,0,0,0,0,0,0,0,0,0,1.08224,14450688,female,2,103,10,off,/Users/taro252/Docker/TimeStretchLab/results/phase7/female_2_input.wav,/Users/taro252/Docker/TimeStretchLab/results/phase7/female_2_075_off.wav,
4096,1024,0.75,on,off,on,120,10,0.65,on,13,on,on,on,0.0315683,on,on,16384,high,b,98304,32768,11,8233089075862897362,0,0,480000,640000,1.19517,0.878801,0,0,0,0,0,0,0,0,0,287,36,63,3.6,0.874564,0.829602,313.028,1.1925,14483456,female,2,103,10,on,/Users/taro252/Docker/TimeStretchLab/results/phase7/female_2_input.wav,/Users/taro252/Docker/TimeStretchLab/results/phase7/female_2_075_on.wav,/Users/taro252/Docker/TimeStretchLab/results/phase7/diagnostics/female_2_075/pvsola_resync.csv
4096,1024,0.50,on,off,off,120,10,0.65,on,13,on,on,on,0.0316083,on,on,16384,high,b,98304,32768,11,9162984911120248921,0,0,480000,960000,1.12228,0.743338,0,0,0,0,0,0,0,0,0,0,0,0,0,0,0,0,1.12184,14467072,female,2,103,10,off,/Users/taro252/Docker/TimeStretchLab/results/phase7/female_2_input.wav,/Users/taro252/Docker/TimeStretchLab/results/phase7/female_2_050_off.wav,
4096,1024,0.50,on,off,on,120,10,0.65,on,13,on,on,on,0.0316083,on,on,16384,high,b,98304,32768,11,9162984911120248921,0,0,480000,960000,1.3215,0.860826,0,0,0,0,0,0,0,0,0,326,28,66,2.8,0.91411,0.804296,310.643,1.30565,14516224,female,2,103,10,on,/Users/taro252/Docker/TimeStretchLab/results/phase7/female_2_input.wav,/Users/taro252/Docker/TimeStretchLab/results/phase7/female_2_050_on.wav,/Users/taro252/Docker/TimeStretchLab/results/phase7/diagnostics/female_2_050/pvsola_resync.csv
4096,1024,0.75,on,off,off,120,10,0.65,on,15,on,on,on,0.0592764,on,on,16384,high,b,98304,32768,15,5891433802596317732,0,0,480000,640000,1.02958,0.744284,0,0,0,0,0,0,0,0,0,0,0,0,0,0,0,0,1.03031,14483456,female,3,145,10,off,/Users/taro252/Docker/TimeStretchLab/results/phase7/female_3_input.wav,/Users/taro252/Docker/TimeStretchLab/results/phase7/female_3_075_off.wav,
4096,1024,0.75,on,off,on,120,10,0.65,on,15,on,on,on,0.0592764,on,on,16384,high,b,98304,32768,15,5891433802596317732,0,0,480000,640000,1.1159,0.798476,0,0,0,0,0,0,0,0,0,222,49,82,4.9,0.779279,0.858298,256.02,1.1155,14532608,female,3,145,10,on,/Users/taro252/Docker/TimeStretchLab/results/phase7/female_3_input.wav,/Users/taro252/Docker/TimeStretchLab/results/phase7/female_3_075_on.wav,/Users/taro252/Docker/TimeStretchLab/results/phase7/diagnostics/female_3_075/pvsola_resync.csv
4096,1024,0.50,on,off,off,120,10,0.65,on,15,on,on,on,0.059393,on,on,16384,high,b,98304,32768,15,1693874517324356702,0,0,480000,960000,1.0892,0.84722,0,0,0,0,0,0,0,0,0,0,0,0,0,0,0,0,1.08514,14450688,female,3,145,10,off,/Users/taro252/Docker/TimeStretchLab/results/phase7/female_3_input.wav,/Users/taro252/Docker/TimeStretchLab/results/phase7/female_3_050_off.wav,
4096,1024,0.50,on,off,on,120,10,0.65,on,15,on,on,on,0.059393,on,on,16384,high,b,98304,32768,15,1693874517324356702,0,0,480000,960000,1.14321,0.894098,0,0,0,0,0,0,0,0,0,271,39,89,3.9,0.856089,0.808156,294.154,1.14404,14516224,female,3,145,10,on,/Users/taro252/Docker/TimeStretchLab/results/phase7/female_3_input.wav,/Users/taro252/Docker/TimeStretchLab/results/phase7/female_3_050_on.wav,/Users/taro252/Docker/TimeStretchLab/results/phase7/diagnostics/female_3_050/pvsola_resync.csv
4096,1024,0.75,on,off,off,120,10,0.65,on,11,on,on,on,0.0106716,on,on,16384,high,b,98304,32768,11,17008868912775476790,0,0,480000,640000,1.1186,0.174248,0,0,0,0,0,0,0,0,0,0,0,0,0,0,0,0,1.11818,14499840,male,1,43,10,off,/Users/taro252/Docker/TimeStretchLab/results/phase7/male_1_input.wav,/Users/taro252/Docker/TimeStretchLab/results/phase7/male_1_075_off.wav,
4096,1024,0.75,on,off,on,120,10,0.65,on,11,on,on,on,0.0106716,on,on,16384,high,b,98304,32768,11,17008868912775476790,0,0,480000,640000,1.1509,0.194715,0,0,0,0,0,0,0,0,0,402,13,69,1.3,0.967662,0.8346,320.692,1.14929,14499840,male,1,43,10,on,/Users/taro252/Docker/TimeStretchLab/results/phase7/male_1_input.wav,/Users/taro252/Docker/TimeStretchLab/results/phase7/male_1_075_on.wav,/Users/taro252/Docker/TimeStretchLab/results/phase7/diagnostics/male_1_075/pvsola_resync.csv
4096,1024,0.50,on,off,off,120,10,0.65,on,11,on,on,on,0.0106833,on,on,16384,high,b,98304,32768,11,6742862792984760641,0,0,480000,960000,1.18731,0.181055,0,0,0,0,0,0,0,0,0,0,0,0,0,0,0,0,1.18412,14483456,male,1,43,10,off,/Users/taro252/Docker/TimeStretchLab/results/phase7/male_1_input.wav,/Users/taro252/Docker/TimeStretchLab/results/phase7/male_1_050_off.wav,
4096,1024,0.50,on,off,on,120,10,0.65,on,11,on,on,on,0.0106833,on,on,16384,high,b,98304,32768,11,6742862792984760641,0,0,480000,960000,1.19802,0.167353,0,0,0,0,0,0,0,0,0,401,13,68,1.3,0.967581,0.791004,252.615,1.1969,14548992,male,1,43,10,on,/Users/taro252/Docker/TimeStretchLab/results/phase7/male_1_input.wav,/Users/taro252/Docker/TimeStretchLab/results/phase7/male_1_050_on.wav,/Users/taro252/Docker/TimeStretchLab/results/phase7/diagnostics/male_1_050/pvsola_resync.csv
4096,1024,0.75,on,off,off,120,10,0.65,on,18,on,on,on,0.0712905,on,on,16384,high,b,98304,32768,17,12529703308223756990,0,0,480000,640000,0.972276,0.386731,0,0,0,0,0,0,0,0,0,0,0,0,0,0,0,0,0.972597,14450688,male,2,90,10,off,/Users/taro252/Docker/TimeStretchLab/results/phase7/male_2_input.wav,/Users/taro252/Docker/TimeStretchLab/results/phase7/male_2_075_off.wav,
4096,1024,0.75,on,off,on,120,10,0.65,on,18,on,on,on,0.0712905,on,on,16384,high,b,98304,32768,17,12529703308223756990,0,0,480000,640000,1.08869,0.386731,0,0,0,0,0,0,0,0,0,242,45,92,4.5,0.81405,0.89189,250.156,1.08553,14516224,male,2,90,10,on,/Users/taro252/Docker/TimeStretchLab/results/phase7/male_2_input.wav,/Users/taro252/Docker/TimeStretchLab/results/phase7/male_2_075_on.wav,/Users/taro252/Docker/TimeStretchLab/results/phase7/diagnostics/male_2_075/pvsola_resync.csv
4096,1024,0.50,on,off,off,120,10,0.65,on,18,on,on,on,0.0715065,on,on,16384,high,b,98304,32768,17,17892685539985662410,0,0,480000,960000,1.02389,0.380064,0,0,0,0,0,0,0,0,0,0,0,0,0,0,0,0,1.02304,14467072,male,2,90,10,off,/Users/taro252/Docker/TimeStretchLab/results/phase7/male_2_input.wav,/Users/taro252/Docker/TimeStretchLab/results/phase7/male_2_050_off.wav,
4096,1024,0.50,on,off,on,120,10,0.65,on,18,on,on,on,0.0715065,on,on,16384,high,b,98304,32768,17,17892685539985662410,0,0,480000,960000,1.14126,0.380064,0,0,0,0,0,0,0,0,0,311,31,107,3.1,0.900322,0.837323,285.903,1.13902,14548992,male,2,90,10,on,/Users/taro252/Docker/TimeStretchLab/results/phase7/male_2_input.wav,/Users/taro252/Docker/TimeStretchLab/results/phase7/male_2_050_on.wav,/Users/taro252/Docker/TimeStretchLab/results/phase7/diagnostics/male_2_050/pvsola_resync.csv
4096,1024,0.75,on,off,off,120,10,0.65,on,10,on,on,on,0.0528893,on,on,16384,high,b,98304,32768,10,6992948745851673555,0,0,480000,640000,1.02943,0.23727,0,0,0,0,0,0,0,0,0,0,0,0,0,0,0,0,1.02646,14516224,male,3,146,10,off,/Users/taro252/Docker/TimeStretchLab/results/phase7/male_3_input.wav,/Users/taro252/Docker/TimeStretchLab/results/phase7/male_3_075_off.wav,
4096,1024,0.75,on,off,on,120,10,0.65,on,10,on,on,on,0.0528893,on,on,16384,high,b,98304,32768,10,6992948745851673555,0,0,480000,640000,1.18373,0.318665,0,0,0,0,0,0,0,0,0,157,62,51,6.2,0.605096,0.780732,258.032,1.18265,14548992,male,3,146,10,on,/Users/taro252/Docker/TimeStretchLab/results/phase7/male_3_input.wav,/Users/taro252/Docker/TimeStretchLab/results/phase7/male_3_075_on.wav,/Users/taro252/Docker/TimeStretchLab/results/phase7/diagnostics/male_3_075/pvsola_resync.csv
4096,1024,0.50,on,off,off,120,10,0.65,on,10,on,on,on,0.0528893,on,on,16384,high,b,98304,32768,10,4084688607914243450,0,0,480000,960000,1.08222,0.277642,0,0,0,0,0,0,0,0,0,0,0,0,0,0,0,0,1.08097,14516224,male,3,146,10,off,/Users/taro252/Docker/TimeStretchLab/results/phase7/male_3_input.wav,/Users/taro252/Docker/TimeStretchLab/results/phase7/male_3_050_off.wav,
4096,1024,0.50,on,off,on,120,10,0.65,on,10,on,on,on,0.0528893,on,on,16384,high,b,98304,32768,10,4084688607914243450,0,0,480000,960000,1.17467,0.28686,0,0,0,0,0,0,0,0,0,192,55,53,5.5,0.713542,0.744973,248,1.172,14516224,male,3,146,10,on,/Users/taro252/Docker/TimeStretchLab/results/phase7/male_3_input.wav,/Users/taro252/Docker/TimeStretchLab/results/phase7/male_3_050_on.wav,/Users/taro252/Docker/TimeStretchLab/results/phase7/diagnostics/male_3_050/pvsola_resync.csv
4096,1024,0.75,on,off,off,120,10,0.65,on,139,on,on,on,0.0429395,on,on,16384,high,b,98304,32768,130,10761303240002377252,0,0,1984500,2646000,4.35492,1.39223,0,0,0,0,0,0,0,0,0,0,0,0,0,0,0,0,4.34385,14548992,mix,1,90,45,off,/Users/taro252/Docker/TimeStretchLab/results/phase7/mix_1_input.wav,/Users/taro252/Docker/TimeStretchLab/results/phase7/mix_1_075_off.wav,
4096,1024,0.75,on,off,on,120,10,0.65,on,139,on,on,on,0.0429395,on,on,16384,high,b,98304,32768,130,10761303240002377252,0,0,1984500,2646000,4.93952,1.39223,0,0,0,0,0,0,0,0,0,1420,129,759,2.86667,0.909155,0.794822,244.078,4.89264,14630912,mix,1,90,45,on,/Users/taro252/Docker/TimeStretchLab/results/phase7/mix_1_input.wav,/Users/taro252/Docker/TimeStretchLab/results/phase7/mix_1_075_on.wav,/Users/taro252/Docker/TimeStretchLab/results/phase7/diagnostics/mix_1_075/pvsola_resync.csv
4096,1024,0.50,on,off,off,120,10,0.65,on,139,on,on,on,0.0429395,on,on,16384,high,b,98304,32768,130,10537306494630407805,0,0,1984500,3969000,4.57465,1.39173,0,0,0,0,0,0,0,0,0,0,0,0,0,0,0,0,4.5513,14532608,mix,1,90,45,off,/Users/taro252/Docker/TimeStretchLab/results/phase7/mix_1_input.wav,/Users/taro252/Docker/TimeStretchLab/results/phase7/mix_1_050_off.wav,
4096,1024,0.50,on,off,on,120,10,0.65,on,139,on,on,on,0.0429395,on,on,16384,high,b,98304,32768,130,10537306494630407805,0,0,1984500,3969000,5.33348,1.39173,0,0,0,0,0,0,0,0,0,1596,85,813,1.88889,0.946742,0.763359,264.176,5.08798,14630912,mix,1,90,45,on,/Users/taro252/Docker/TimeStretchLab/results/phase7/mix_1_input.wav,/Users/taro252/Docker/TimeStretchLab/results/phase7/mix_1_050_on.wav,/Users/taro252/Docker/TimeStretchLab/results/phase7/diagnostics/mix_1_050/pvsola_resync.csv
4096,1024,0.75,on,off,off,120,10,0.65,on,139,on,on,on,0.145993,on,on,16384,high,b,98304,32768,125,17850551911018472477,0,0,2160000,2880000,3.93899,0.973402,0,0,0,0,0,0,0,0,0,0,0,0,0,0,0,0,3.9231,14548992,bass,1,90,45,off,/Users/taro252/Docker/TimeStretchLab/results/phase7/bass_1_input.wav,/Users/taro252/Docker/TimeStretchLab/results/phase7/bass_1_075_off.wav,
4096,1024,0.75,on,off,on,120,10,0.65,on,139,on,on,on,0.145993,on,on,16384,high,b,98304,32768,125,17850551911018472477,0,0,2160000,2880000,4.16365,0.973402,0,0,0,0,0,0,0,0,0,1293,163,664,3.62222,0.873937,0.94519,282.693,4.14683,14663680,bass,1,90,45,on,/Users/taro252/Docker/TimeStretchLab/results/phase7/bass_1_input.wav,/Users/taro252/Docker/TimeStretchLab/results/phase7/bass_1_075_on.wav,/Users/taro252/Docker/TimeStretchLab/results/phase7/diagnostics/bass_1_075/pvsola_resync.csv
4096,1024,0.50,on,off,off,120,10,0.65,on,139,on,on,on,0.146075,on,on,16384,high,b,98304,32768,125,15442977185672678524,0,0,2160000,4320000,4.03913,0.878252,0,0,0,0,0,0,0,0,0,0,0,0,0,0,0,0,4.01412,14516224,bass,1,90,45,off,/Users/taro252/Docker/TimeStretchLab/results/phase7/bass_1_input.wav,/Users/taro252/Docker/TimeStretchLab/results/phase7/bass_1_050_off.wav,
4096,1024,0.50,on,off,on,120,10,0.65,on,139,on,on,on,0.146075,on,on,16384,high,b,98304,32768,125,15442977185672678524,0,0,2160000,4320000,4.36102,0.878252,0,0,0,0,0,0,0,0,0,1382,145,686,3.22222,0.89508,0.904138,231.345,4.34153,14598144,bass,1,90,45,on,/Users/taro252/Docker/TimeStretchLab/results/phase7/bass_1_input.wav,/Users/taro252/Docker/TimeStretchLab/results/phase7/bass_1_050_on.wav,/Users/taro252/Docker/TimeStretchLab/results/phase7/diagnostics/bass_1_050/pvsola_resync.csv
4096,1024,0.75,on,off,off,120,10,0.65,on,79,on,on,on,0.0332022,on,on,16384,high,b,98304,32768,74,4452792945669780657,0,0,960000,1280000,2.07969,1.03661,0,0,0,0,0,0,0,0,0,0,0,0,0,0,0,0,2.06936,14565376,drums,1,90,20,off,/Users/taro252/Docker/TimeStretchLab/results/phase7/drums_1_input.wav,/Users/taro252/Docker/TimeStretchLab/results/phase7/drums_1_075_off.wav,
4096,1024,0.75,on,off,on,120,10,0.65,on,79,on,on,on,0.0332022,on,on,16384,high,b,98304,32768,74,4452792945669780657,0,0,960000,1280000,2.35256,1.03661,0,0,0,0,0,0,0,0,0,866,14,478,0.7,0.983834,0.753441,307.286,2.17553,14614528,drums,1,90,20,on,/Users/taro252/Docker/TimeStretchLab/results/phase7/drums_1_input.wav,/Users/taro252/Docker/TimeStretchLab/results/phase7/drums_1_075_on.wav,/Users/taro252/Docker/TimeStretchLab/results/phase7/diagnostics/drums_1_075/pvsola_resync.csv
4096,1024,0.50,on,off,off,120,10,0.65,on,79,on,on,on,0.033215,on,on,16384,high,b,98304,32768,74,10566280545656028666,0,0,960000,1920000,2.20912,1.04873,0,0,0,0,0,0,0,0,0,0,0,0,0,0,0,0,2.16989,14548992,drums,1,90,20,off,/Users/taro252/Docker/TimeStretchLab/results/phase7/drums_1_input.wav,/Users/taro252/Docker/TimeStretchLab/results/phase7/drums_1_050_off.wav,
4096,1024,0.50,on,off,on,120,10,0.65,on,79,on,on,on,0.033215,on,on,16384,high,b,98304,32768,74,10566280545656028666,0,0,960000,1920000,2.2114,1.04873,0,0,0,0,0,0,0,0,0,905,6,485,0.3,0.99337,0.699429,222.667,2.20413,14581760,drums,1,90,20,on,/Users/taro252/Docker/TimeStretchLab/results/phase7/drums_1_input.wav,/Users/taro252/Docker/TimeStretchLab/results/phase7/drums_1_050_on.wav,/Users/taro252/Docker/TimeStretchLab/results/phase7/diagnostics/drums_1_050/pvsola_resync.csv
4096,1024,0.75,on,off,off,120,10,0.65,on,80,on,on,on,0.0653402,on,on,16384,high,b,98304,32768,71,1537913735195277245,0,0,960000,1280000,1.94304,0.849559,0,0,0,0,0,0,0,0,0,0,0,0,0,0,0,0,1.9393,14548992,guitar,1,90,20,off,/Users/taro252/Docker/TimeStretchLab/results/phase7/guitar_1_input.wav,/Users/taro252/Docker/TimeStretchLab/results/phase7/guitar_1_075_off.wav,
4096,1024,0.75,on,off,on,120,10,0.65,on,80,on,on,on,0.0653402,on,on,16384,high,b,98304,32768,71,1537913735195277245,0,0,960000,1280000,2.08833,0.849553,0,0,0,0,0,0,0,0,0,471,93,343,4.65,0.802548,0.94274,312.097,2.0837,14680064,guitar,1,90,20,on,/Users/taro252/Docker/TimeStretchLab/results/phase7/guitar_1_input.wav,/Users/taro252/Docker/TimeStretchLab/results/phase7/guitar_1_075_on.wav,/Users/taro252/Docker/TimeStretchLab/results/phase7/diagnostics/guitar_1_075/pvsola_resync.csv
4096,1024,0.50,on,off,off,120,10,0.65,on,80,on,on,on,0.0653952,on,on,16384,high,b,98304,32768,71,10997160189700263816,0,0,960000,1920000,2.06082,0.848485,0,0,0,0,0,0,0,0,0,0,0,0,0,0,0,0,2.04899,14516224,guitar,1,90,20,off,/Users/taro252/Docker/TimeStretchLab/results/phase7/guitar_1_input.wav,/Users/taro252/Docker/TimeStretchLab/results/phase7/guitar_1_050_off.wav,
4096,1024,0.50,on,off,on,120,10,0.65,on,80,on,on,on,0.0653952,on,on,16384,high,b,98304,32768,71,10997160189700263816,0,0,960000,1920000,2.17382,0.848485,0,0,0,0,0,0,0,0,0,476,92,345,4.6,0.806723,0.875394,235.304,2.16974,14532608,guitar,1,90,20,on,/Users/taro252/Docker/TimeStretchLab/results/phase7/guitar_1_input.wav,/Users/taro252/Docker/TimeStretchLab/results/phase7/guitar_1_050_on.wav,/Users/taro252/Docker/TimeStretchLab/results/phase7/diagnostics/guitar_1_050/pvsola_resync.csv
