FFT,Ha,speed,phase_locking,partial_tracking,pvsola,pvsola_interval_ms,pvsola_search_ms,pvsola_min_correlation,transient,transient_count,adaptive_time_map,precise_anchoring,stereo_coherence,average_coherence_weight,multiresolution,chunked,chunk_size,quality,ablation,ola_ring_samples,fir_ring_samples,event_count,time_map_hash,anchored_event_count,max_event_anchor_error_samples,input_frames,output_frames,processing_seconds,peak,track_continuity_ratio,trackable_peak_frames,matched_peak_frames,applied_peak_frames,average_track_lifetime_frames,average_track_count,track_switches_per_second,peak_phase_discontinuity_mean_rad,peak_phase_discontinuity_max_rad,resync_scheduled,resync_applied,resync_transient_suppressed,resync_per_second,resync_skip_rate,average_resync_correlation,average_resync_offset_samples,cpu_seconds,max_rss_bytes,name,section,start_sec,duration_sec,mode,input,output,diagnostics,file,rate,channels,frames,duration_s,rms,samples_over_1,lr_rms_ratio,lr_correlation,mid_rms,side_rms,side_mid_ratio,corr_1s_p10,corr_1s_median,corr_1s_p90,corr_1s_negative_fraction,finite,tonal_bins,ipd_weighted_rms_deg,ild_weighted_rms_db,low_bins,low_magnitude_effective_bins,low_windows,low_window_zero,low_window_one,low_window_two_to_four,low_window_five_plus,low_window_p10,low_window_median,low_window_p90,low_window_max,low_ipd_weighted_rms_deg,voiced_frames,stable_pairs,median_frequency_hz,median_step_cents,p90_step_cents
4096,1024,0.75,on,off,off,120,10,0.65,on,20,on,on,on,0.0513164,on,on,16384,high,b,98304,32768,20,9383316083530990120,0,0,480000,640000,1.00786,0.597030,0,0,0,0,0,0,0,0,0,0,0,0,0,0,0,0,1.01137,14548992,female,1,15,10,off,/Users/taro252/Docker/TimeStretchLab/results/phase7/female_1_input.wav,/Users/taro252/Docker/TimeStretchLab/results/phase7/female_1_075_off.wav,,/Users/taro252/Docker/TimeStretchLab/results/phase7/female_1_075_off.wav,48000,2,640000,13.333333,0.094145,0,0.983169,0.913774,0.092090,0.019563,0.212432,0.894525,0.924172,0.955141,0.000000,yes,225,19.682754,0.887120,2,1.917297,9,8,0,1,0,0,0,0,2,13.082338,,,,,
4096,1024,0.75,on,off,on,120,10,0.65,on,20,on,on,on,0.0513164,on,on,16384,high,b,98304,32768,20,9383316083530990120,0,0,480000,640000,1.06038,0.596407,0,0,0,0,0,0,0,0,0,227,48,98,4.8,0.788546,0.881796,266.354,1.05311,14548992,female,1,15,10,on,/Users/taro252/Docker/TimeStretchLab/results/phase7/female_1_input.wav,/Users/taro252/Docker/TimeStretchLab/results/phase7/female_1_075_on.wav,/Users/taro252/Docker/TimeStretchLab/results/phase7/diagnostics/female_1_075/pvsola_resync.csv,/Users/taro252/Docker/TimeStretchLab/results/phase7/female_1_075_on.wav,48000,2,640000,13.333333,0.093760,0,0.982486,0.915513,0.091755,0.019287,0.210201,0.903083,0.926866,0.955076,0.000000,yes,225,13.345200,0.679012,2,1.917297,9,8,0,1,0,0,0,0,2,13.082338,,,,,
4096,1024,0.50,on,off,off,120,10,0.65,on,20,on,on,on,0.0513164,on,on,16384,high,b,98304,32768,20,14439562686151766327,0,0,480000,960000,1.03646,0.568414,0,0,0,0,0,0,0,0,0,0,0,0,0,0,0,0,1.03396,14483456,female,1,15,10,off,/Users/taro252/Docker/TimeStretchLab/results/phase7/female_1_input.wav,/Users/taro252/Docker/TimeStretchLab/results/phase7/female_1_050_off.wav,,/Users/taro252/Docker/TimeStretchLab/results/phase7/female_1_050_off.wav,48000,2,960000,20.000000,0.094161,0,0.982678,0.903214,0.091851,0.020729,0.225677,0.845495,0.905663,0.945056,0.000000,yes,225,20.665756,1.269327,2,1.946755,9,8,0,1,0,0,0,0,2,52.631208,,,,,
4096,1024,0.50,on,off,on,120,10,0.65,on,20,on,on,on,0.0513164,on,on,16384,high,b,98304,32768,20,14439562686151766327,0,0,480000,960000,1.22653,0.645099,0,0,0,0,0,0,0,0,0,262,41,96,4.1,0.843511,0.820086,269.878,1.22395,14516224,female,1,15,10,on,/Users/taro252/Docker/TimeStretchLab/results/phase7/female_1_input.wav,/Users/taro252/Docker/TimeStretchLab/results/phase7/female_1_050_on.wav,/Users/taro252/Docker/TimeStretchLab/results/phase7/diagnostics/female_1_050/pvsola_resync.csv,/Users/taro252/Docker/TimeStretchLab/results/phase7/female_1_050_on.wav,48000,2,960000,20.000000,0.094137,0,0.982800,0.907041,0.091920,0.020310,0.220953,0.853899,0.917707,0.947723,0.000000,yes,225,15.371468,1.259218,2,1.946755,9,8,0,1,0,0,0,0,2,52.631208,,,,,
4096,1024,0.75,on,off,off,120,10,0.65,on,13,on,on,on,0.0315683,on,on,16384,high,b,98304,32768,11,8233089075862897362,0,0,480000,640000,1.08217,0.869985,0,0,0,0,0,0,0,0,0,0,0,0,0,0,0,0,1.08224,14450688,female,2,103,10,off,/Users/taro252/Docker/TimeStretchLab/results/phase7/female_2_input.wav,/Users/taro252/Docker/TimeStretchLab/results/phase7/female_2_075_off.wav,,/Users/taro252/Docker/TimeStretchLab/results/phase7/female_2_075_off.wav,48000,2,640000,13.333333,0.125851,0,1.033304,0.866385,0.121560,0.032586,0.268062,0.800055,0.846759,0.937413,0.100000,yes,441,26.448124,1.235191,9,7.350921,9,6,0,3,0,0,0,3,4,76.051321,,,,,
4096,1024,0.75,on,off,on,120,10,0.65,on,13,on,on,on,0.0315683,on,on,16384,high,b,98304,32768,11,8233089075862897362,0,0,480000,640000,1.19517,0.878801,0,0,0,0,0,0,0,0,0,287,36,63,3.6,0.874564,0.829602,313.028,1.1925,14483456,female,2,103,10,on,/Users/taro252/Docker/TimeStretchLab/results/phase7/female_2_input.wav,/Users/taro252/Docker/TimeStretchLab/results/phase7/female_2_075_on.wav,/Users/taro252/Docker/TimeStretchLab/results/phase7/diagnostics/female_2_075/pvsola_resync.csv,/Users/taro252/Docker/TimeStretchLab/results/phase7/female_2_075_on.wav,48000,2,640000,13.333333,0.125372,0,1.032578,0.881186,0.121576,0.030616,0.251823,0.821509,0.875960,0.934848,0.000000,yes,441,18.201779,1.307964,9,7.350808,9,6,0,3,0,0,0,3,4,76.047858,,,,,
4096,1024,0.50,on,off,off,120,10,0.65,on,13,on,on,on,0.0316083,on,on,16384,high,b,98304,32768,11,9162984911120248921,0,0,480000,960000,1.12228,0.743338,0,0,0,0,0,0,0,0,0,0,0,0,0,0,0,0,1.12184,14467072,female,2,103,10,off,/Users/taro252/Docker/TimeStretchLab/results/phase7/female_2_input.wav,/Users/taro252/Docker/TimeStretchLab/results/phase7/female_2_050_off.wav,,/Users/taro252/Docker/TimeStretchLab/results/phase7/female_2_050_off.wav,48000,2,960000,20.000000,0.125524,0,1.030953,0.849076,0.120682,0.034527,0.286098,0.644777,0.855745,0.915798,0.000000,yes,441,40.093451,1.942217,9,7.936516,9,6,0,3,0,0,0,3,4,77.339101,,,,,
4096,1024,0.50,on,off,on,120,10,0.65,on,13,on,on,on,0.0316083,on,on,16384,high,b,98304,32768,11,9162984911120248921,0,0,480000,960000,1.3215,0.860826,0,0,0,0,0,0,0,0,0,326,28,66,2.8,0.91411,0.804296,310.643,1.30565,14516224,female,2,103,10,on,/Users/taro252/Docker/TimeStretchLab/results/phase7/female_2_input.wav,/Users/taro252/Docker/TimeStretchLab/results/phase7/female_2_050_on.wav,/Users/taro252/Docker/TimeStretchLab/results/phase7/diagnostics/female_2_050/pvsola_resync.csv,/Users/taro252/Docker/TimeStretchLab/results/phase7/female_2_050_on.wav,48000,2,960000,20.000000,0.125572,0,1.031071,0.862060,0.121151,0.033026,0.272602,0.649359,0.869841,0.918866,0.071429,yes,441,36.399066,1.995612,9,7.936318,9,6,0,3,0,0,0,3,4,77.333951,,,,,
4096,1024,0.75,on,off,off,120,10,0.65,on,15,on,on,on,0.0592764,on,on,16384,high,b,98304,32768,15,5891433802596317732,0,0,480000,640000,1.02958,0.744284,0,0,0,0,0,0,0,0,0,0,0,0,0,0,0,0,1.03031,14483456,female,3,145,10,off,/Users/taro252/Docker/TimeStretchLab/results/phase7/female_3_input.wav,/Users/taro252/Docker/TimeStretchLab/results/phase7/female_3_075_off.wav,,/Users/taro252/Docker/TimeStretchLab/results/phase7/female_3_075_off.wav,48000,2,640000,13.333333,0.149225,0,1.017078,0.891242,0.145106,0.034819,0.239954,0.691748,0.908925,0.937171,0.000000,yes,550,44.105770,2.010259,0,0.000000,9,9,0,0,0,0,0,0,0,0.000000,,,,,
4096,1024,0.75,on,off,on,120,10,0.65,on,15,on,on,on,0.0592764,on,on,16384,high,b,98304,32768,15,5891433802596317732,0,0,480000,640000,1.1159,0.798476,0,0,0,0,0,0,0,0,0,222,49,82,4.9,0.779279,0.858298,256.02,1.1155,14532608,female,3,145,10,on,/Users/taro252/Docker/TimeStretchLab/results/phase7/female_3_input.wav,/Users/taro252/Docker/TimeStretchLab/results/phase7/female_3_075_on.wav,/Users/taro252/Docker/TimeStretchLab/results/phase7/diagnostics/female_3_075/pvsola_resync.csv,/Users/taro252/Docker/TimeStretchLab/results/phase7/female_3_075_on.wav,48000,2,640000,13.333333,0.148887,0,1.016773,0.902325,0.145201,0.032924,0.226747,0.725334,0.914286,0.939050,0.000000,yes,550,31.638880,1.814618,0,0.000000,9,9,0,0,0,0,0,0,0,0.000000,,,,,
4096,1024,0.50,on,off,off,120,10,0.65,on,15,on,on,on,0.059393,on,on,16384,high,b,98304,32768,15,1693874517324356702,0,0,480000,960000,1.0892,0.847220,0,0,0,0,0,0,0,0,0,0,0,0,0,0,0,0,1.08514,14450688,female,3,145,10,off,/Users/taro252/Docker/TimeStretchLab/results/phase7/female_3_input.wav,/Users/taro252/Docker/TimeStretchLab/results/phase7/female_3_050_off.wav,,/Users/taro252/Docker/TimeStretchLab/results/phase7/female_3_050_off.wav,48000,2,960000,20.000000,0.148354,0,1.017809,0.846368,0.142538,0.041135,0.288591,0.674297,0.838996,0.933899,0.000000,yes,550,64.407561,2.788388,0,0.000000,9,9,0,0,0,0,0,0,0,0.000000,,,,,
4096,1024,0.50,on,off,on,120,10,0.65,on,15,on,on,on,0.059393,on,on,16384,high,b,98304,32768,15,1693874517324356702,0,0,480000,960000,1.14321,0.894098,0,0,0,0,0,0,0,0,0,271,39,89,3.9,0.856089,0.808156,294.154,1.14404,14516224,female,3,145,10,on,/Users/taro252/Docker/TimeStretchLab/results/phase7/female_3_input.wav,/Users/taro252/Docker/TimeStretchLab/results/phase7/female_3_050_on.wav,/Users/taro252/Docker/TimeStretchLab/results/phase7/diagnostics/female_3_050/pvsola_resync.csv,/Users/taro252/Docker/TimeStretchLab/results/phase7/female_3_050_on.wav,48000,2,960000,20.000000,0.148411,0,1.016748,0.856934,0.143000,0.039710,0.277692,0.733733,0.848505,0.934227,0.000000,yes,550,57.587458,2.729152,0,0.000000,9,9,0,0,0,0,0,0,0,0.000000,,,,,
4096,1024,0.75,on,off,off,120,10,0.65,on,11,on,on,on,0.0106716,on,on,16384,high,b,98304,32768,11,17008868912775476790,0,0,480000,640000,1.1186,0.174248,0,0,0,0,0,0,0,0,0,0,0,0,0,0,0,0,1.11818,14499840,male,1,43,10,off,/Users/taro252/Docker/TimeStretchLab/results/phase7/male_1_input.wav,/Users/taro252/Docker/TimeStretchLab/results/phase7/male_1_075_off.wav,,/Users/taro252/Docker/TimeStretchLab/results/phase7/male_1_075_off.wav,48000,2,640000,13.333333,0.017788,0,1.066444,0.591185,0.015860,0.008054,0.507829,0.527488,0.635702,0.681879,0.000000,yes,654,7.631715,0.413881,11,9.388647,9,2,4,3,0,0,1,2,3,86.211779,,,,,
4096,1024,0.75,on,off,on,120,10,0.65,on,11,on,on,on,0.0106716,on,on,16384,high,b,98304,32768,11,17008868912775476790,0,0,480000,640000,1.1509,0.194715,0,0,0,0,0,0,0,0,0,402,13,69,1.3,0.967662,0.8346,320.692,1.14929,14499840,male,1,43,10,on,/Users/taro252/Docker/TimeStretchLab/results/phase7/male_1_input.wav,/Users/taro252/Docker/TimeStretchLab/results/phase7/male_1_075_on.wav,/Users/taro252/Docker/TimeStretchLab/results/phase7/diagnostics/male_1_075/pvsola_resync.csv,/Users/taro252/Docker/TimeStretchLab/results/phase7/male_1_075_on.wav,48000,2,640000,13.333333,0.017429,0,1.067571,0.602902,0.015597,0.007779,0.498738,0.533634,0.651259,0.672046,0.000000,yes,654,7.125220,0.393990,11,9.388647,9,2,4,3,0,0,1,2,3,86.211779,,,,,
4096,1024,0.50,on,off,off,120,10,0.65,on,11,on,on,on,0.0106833,on,on,16384,high,b,98304,32768,11,6742862792984760641,0,0,480000,960000,1.18731,0.181055,0,0,0,0,0,0,0,0,0,0,0,0,0,0,0,0,1.18412,14483456,male,1,43,10,off,/Users/taro252/Docker/TimeStretchLab/results/phase7/male_1_input.wav,/Users/taro252/Docker/TimeStretchLab/results/phase7/male_1_050_off.wav,,/Users/taro252/Docker/TimeStretchLab/results/phase7/male_1_050_off.wav,48000,2,960000,20.000000,0.017577,0,1.069512,0.569379,0.015563,0.008168,0.524817,0.488031,0.592907,0.671013,0.000000,yes,655,14.918201,0.910955,11,9.289316,9,2,4,3,0,0,1,2,3,78.625049,,,,,
4096,1024,0.50,on,off,on,120,10,0.65,on,11,on,on,on,0.0106833,on,on,16384,high,b,98304,32768,11,6742862792984760641,0,0,480000,960000,1.19802,0.167353,0,0,0,0,0,0,0,0,0,401,13,68,1.3,0.967581,0.791004,252.615,1.1969,14548992,male,1,43,10,on,/Users/taro252/Docker/TimeStretchLab/results/phase7/male_1_input.wav,/Users/taro252/Docker/TimeStretchLab/results/phase7/male_1_050_on.wav,/Users/taro252/Docker/TimeStretchLab/results/phase7/diagnostics/male_1_050/pvsola_resync.csv,/Users/taro252/Docker/TimeStretchLab/results/phase7/male_1_050_on.wav,48000,2,960000,20.000000,0.017381,0,1.072129,0.568535,0.015385,0.008086,0.525542,0.523548,0.573157,0.652588,0.000000,yes,655,13.081914,0.945515,11,9.289316,9,2,4,3,0,0,1,2,3,78.625049,,,,,
4096,1024,0.75,on,off,off,120,10,0.65,on,18,on,on,on,0.0712905,on,on,16384,high,b,98304,32768,17,12529703308223756990,0,0,480000,640000,0.972276,0.386731,0,0,0,0,0,0,0,0,0,0,0,0,0,0,0,0,0.972597,14450688,male,2,90,10,off,/Users/taro252/Docker/TimeStretchLab/results/phase7/male_2_input.wav,/Users/taro252/Docker/TimeStretchLab/results/phase7/male_2_075_off.wav,,/Users/taro252/Docker/TimeStretchLab/results/phase7/male_2_075_off.wav,48000,2,640000,13.333333,0.052508,0,0.995959,0.975984,0.052192,0.005755,0.110264,0.961147,0.980734,0.995148,0.000000,yes,152,12.879152,1.178031,3,1.574338,9,6,3,0,0,0,0,1,1,18.960196,,,,,
4096,1024,0.75,on,off,on,120,10,0.65,on,18,on,on,on,0.0712905,on,on,16384,high,b,98304,32768,17,12529703308223756990,0,0,480000,640000,1.08869,0.386731,0,0,0,0,0,0,0,0,0,242,45,92,4.5,0.81405,0.89189,250.156,1.08553,14516224,male,2,90,10,on,/Users/taro252/Docker/TimeStretchLab/results/phase7/male_2_input.wav,/Users/taro252/Docker/TimeStretchLab/results/phase7/male_2_075_on.wav,/Users/taro252/Docker/TimeStretchLab/results/phase7/diagnostics/male_2_075/pvsola_resync.csv,/Users/taro252/Docker/TimeStretchLab/results/phase7/male_2_075_on.wav,48000,2,640000,13.333333,0.052528,0,0.996063,0.981802,0.052289,0.005012,0.095847,0.974811,0.981653,0.995148,0.000000,yes,152,8.404727,0.985097,3,1.574079,9,6,3,0,0,0,0,1,1,18.957101,,,,,
4096,1024,0.50,on,off,off,120,10,0.65,on,18,on,on,on,0.0715065,on,on,16384,high,b,98304,32768,17,17892685539985662410,0,0,480000,960000,1.02389,0.380064,0,0,0,0,0,0,0,0,0,0,0,0,0,0,0,0,1.02304,14467072,male,2,90,10,off,/Users/taro252/Docker/TimeStretchLab/results/phase7/male_2_input.wav,/Users/taro252/Docker/TimeStretchLab/results/phase7/male_2_050_off.wav,,/Users/taro252/Docker/TimeStretchLab/results/phase7/male_2_050_off.wav,48000,2,960000,20.000000,0.052297,0,0.995756,0.967336,0.051868,0.006684,0.128870,0.908970,0.973239,0.992887,0.000000,yes,152,29.332811,2.260301,3,1.549189,9,6,3,0,0,0,0,1,1,73.368425,,,,,
4096,1024,0.50,on,off,on,120,10,0.65,on,18,on,on,on,0.0715065,on,on,16384,high,b,98304,32768,17,17892685539985662410,0,0,480000,960000,1.14126,0.380064,0,0,0,0,0,0,0,0,0,311,31,107,3.1,0.900322,0.837323,285.903,1.13902,14548992,male,2,90,10,on,/Users/taro252/Docker/TimeStretchLab/results/phase7/male_2_input.wav,/Users/taro252/Docker/TimeStretchLab/results/phase7/male_2_050_on.wav,/Users/taro252/Docker/TimeStretchLab/results/phase7/diagnostics/male_2_050/pvsola_resync.csv,/Users/taro252/Docker/TimeStretchLab/results/phase7/male_2_050_on.wav,48000,2,960000,20.000000,0.052224,0,0.995980,0.972064,0.051858,0.006173,0.119038,0.935878,0.975289,0.992951,0.000000,yes,152,25.776139,2.137216,3,1.549188,9,6,3,0,0,0,0,1,1,73.337954,,,,,
4096,1024,0.75,on,off,off,120,10,0.65,on,10,on,on,on,0.0528893,on,on,16384,high,b,98304,32768,10,6992948745851673555,0,0,480000,640000,1.02943,0.237270,0,0,0,0,0,0,0,0,0,0,0,0,0,0,0,0,1.02646,14516224,male,3,146,10,off,/Users/taro252/Docker/TimeStretchLab/results/phase7/male_3_input.wav,/Users/taro252/Docker/TimeStretchLab/results/phase7/male_3_075_off.wav,,/Users/taro252/Docker/TimeStretchLab/results/phase7/male_3_075_off.wav,48000,2,640000,13.333333,0.047516,0,1.053040,0.647331,0.043113,0.019978,0.463381,0.499721,0.599387,0.745602,0.000000,yes,125,21.222758,1.112651,0,0.000000,9,9,0,0,0,0,0,0,0,0.000000,,,,,
4096,1024,0.75,on,off,on,120,10,0.65,on,10,on,on,on,0.0528893,on,on,16384,high,b,98304,32768,10,6992948745851673555,0,0,480000,640000,1.18373,0.318665,0,0,0,0,0,0,0,0,0,157,62,51,6.2,0.605096,0.780732,258.032,1.18265,14548992,male,3,146,10,on,/Users/taro252/Docker/TimeStretchLab/results/phase7/male_3_input.wav,/Users/taro252/Docker/TimeStretchLab/results/phase7/male_3_075_on.wav,/Users/taro252/Docker/TimeStretchLab/results/phase7/diagnostics/male_3_075/pvsola_resync.csv,/Users/taro252/Docker/TimeStretchLab/results/phase7/male_3_075_on.wav,48000,2,640000,13.333333,0.046853,0,1.057107,0.668061,0.042775,0.019117,0.446920,0.553083,0.649514,0.759697,0.000000,yes,125,10.823233,1.077976,0,0.000000,9,9,0,0,0,0,0,0,0,0.000000,,,,,
4096,1024,0.50,on,off,off,120,10,0.65,on,10,on,on,on,0.0528893,on,on,16384,high,b,98304,32768,10,4084688607914243450,0,0,480000,960000,1.08222,0.277642,0,0,0,0,0,0,0,0,0,0,0,0,0,0,0,0,1.08097,14516224,male,3,146,10,off,/Users/taro252/Docker/TimeStretchLab/results/phase7/male_3_input.wav,/Users/taro252/Docker/TimeStretchLab/results/phase7/male_3_050_off.wav,,/Users/taro252/Docker/TimeStretchLab/results/phase7/male_3_050_off.wav,48000,2,960000,20.000000,0.047109,0,1.057292,0.620005,0.042386,0.020560,0.485074,0.473450,0.612871,0.739329,0.050000,yes,125,32.478452,1.848413,0,0.000000,9,9,0,0,0,0,0,0,0,0.000000,,,,,
4096,1024,0.50,on,off,on,120,10,0.65,on,10,on,on,on,0.0528893,on,on,16384,high,b,98304,32768,10,4084688607914243450,0,0,480000,960000,1.17467,0.286860,0,0,0,0,0,0,0,0,0,192,55,53,5.5,0.713542,0.744973,248,1.172,14516224,male,3,146,10,on,/Users/taro252/Docker/TimeStretchLab/results/phase7/male_3_input.wav,/Users/taro252/Docker/TimeStretchLab/results/phase7/male_3_050_on.wav,/Users/taro252/Docker/TimeStretchLab/results/phase7/diagnostics/male_3_050/pvsola_resync.csv,/Users/taro252/Docker/TimeStretchLab/results/phase7/male_3_050_on.wav,48000,2,960000,20.000000,0.047064,0,1.057680,0.634393,0.042532,0.020150,0.473753,0.470868,0.617834,0.737071,0.050000,yes,125,22.041126,1.806058,0,0.000000,9,9,0,0,0,0,0,0,0,0.000000,,,,,
4096,1024,0.75,on,off,off,120,10,0.65,on,139,on,on,on,0.0429395,on,on,16384,high,b,98304,32768,130,10761303240002377252,0,0,1984500,2646000,4.35492,1.392227,0,0,0,0,0,0,0,0,0,0,0,0,0,0,0,0,4.34385,14548992,mix,1,90,45,off,/Users/taro252/Docker/TimeStretchLab/results/phase7/mix_1_input.wav,/Users/taro252/Docker/TimeStretchLab/results/phase7/mix_1_075_off.wav,,/Users/taro252/Docker/TimeStretchLab/results/phase7/mix_1_075_off.wav,44100,2,2646000,60.000000,0.225585,723,0.998260,0.902662,0.220027,0.049767,0.226185,0.859537,0.904473,0.934213,0.000000,yes,3811,13.032705,1.199886,107,71.309868,44,0,4,40,0,2,2,3,4,4.680440,,,,,
4096,1024,0.75,on,off,on,120,10,0.65,on,139,on,on,on,0.0429395,on,on,16384,high,b,98304,32768,130,10761303240002377252,0,0,1984500,2646000,4.93952,1.392227,0,0,0,0,0,0,0,0,0,1420,129,759,2.86667,0.909155,0.794822,244.078,4.89264,14630912,mix,1,90,45,on,/Users/taro252/Docker/TimeStretchLab/results/phase7/mix_1_input.wav,/Users/taro252/Docker/TimeStretchLab/results/phase7/mix_1_075_on.wav,/Users/taro252/Docker/TimeStretchLab/results/phase7/diagnostics/mix_1_075/pvsola_resync.csv,/Users/taro252/Docker/TimeStretchLab/results/phase7/mix_1_075_on.wav,44100,2,2646000,60.000000,0.224865,699,0.998357,0.906456,0.219543,0.048631,0.221512,0.865782,0.908365,0.940254,0.000000,yes,3811,13.070058,1.245607,107,71.309913,44,0,4,40,0,2,2,3,4,4.680172,,,,,
4096,1024,0.50,on,off,off,120,10,0.65,on,139,on,on,on,0.0429395,on,on,16384,high,b,98304,32768,130,10537306494630407805,0,0,1984500,3969000,4.57465,1.391727,0,0,0,0,0,0,0,0,0,0,0,0,0,0,0,0,4.5513,14532608,mix,1,90,45,off,/Users/taro252/Docker/TimeStretchLab/results/phase7/mix_1_input.wav,/Users/taro252/Docker/TimeStretchLab/results/phase7/mix_1_050_off.wav,,/Users/taro252/Docker/TimeStretchLab/results/phase7/mix_1_050_off.wav,44100,2,3969000,90.000000,0.221938,1333,0.992785,0.861532,0.214116,0.058402,0.272758,0.786223,0.856830,0.912230,0.000000,yes,3811,29.789567,2.469978,107,68.320113,44,0,4,40,0,2,2,3,4,8.931314,,,,,
4096,1024,0.50,on,off,on,120,10,0.65,on,139,on,on,on,0.0429395,on,on,16384,high,b,98304,32768,130,10537306494630407805,0,0,1984500,3969000,5.33348,1.391727,0,0,0,0,0,0,0,0,0,1596,85,813,1.88889,0.946742,0.763359,264.176,5.08798,14630912,mix,1,90,45,on,/Users/taro252/Docker/TimeStretchLab/results/phase7/mix_1_input.wav,/Users/taro252/Docker/TimeStretchLab/results/phase7/mix_1_050_on.wav,/Users/taro252/Docker/TimeStretchLab/results/phase7/diagnostics/mix_1_050/pvsola_resync.csv,/Users/taro252/Docker/TimeStretchLab/results/phase7/mix_1_050_on.wav,44100,2,3969000,90.000000,0.221742,1388,0.993012,0.867095,0.214247,0.057166,0.266824,0.794318,0.866947,0.915710,0.000000,yes,3811,30.157699,2.521292,107,68.319888,44,0,4,40,0,2,2,3,4,8.931226,,,,,
4096,1024,0.75,on,off,off,120,10,0.65,on,139,on,on,on,0.145993,on,on,16384,high,b,98304,32768,125,17850551911018472477,0,0,2160000,2880000,3.93899,0.973402,0,0,0,0,0,0,0,0,0,0,0,0,0,0,0,0,3.9231,14548992,bass,1,90,45,off,/Users/taro252/Docker/TimeStretchLab/results/phase7/bass_1_input.wav,/Users/taro252/Docker/TimeStretchLab/results/phase7/bass_1_075_off.wav,,/Users/taro252/Docker/TimeStretchLab/results/phase7/bass_1_075_off.wav,48000,2,2880000,60.000000,0.119870,0,0.817629,0.996904,0.119180,0.012845,0.107782,0.996069,0.997430,0.997859,0.000000,yes,236,1.264388,0.122896,96,74.954734,44,0,8,36,0,1,2,3,4,0.704150,516,289,57.187,4.347,59.824
4096,1024,0.75,on,off,on,120,10,0.65,on,139,on,on,on,0.145993,on,on,16384,high,b,98304,32768,125,17850551911018472477,0,0,2160000,2880000,4.16365,0.973402,0,0,0,0,0,0,0,0,0,1293,163,664,3.62222,0.873937,0.94519,282.693,4.14683,14663680,bass,1,90,45,on,/Users/taro252/Docker/TimeStretchLab/results/phase7/bass_1_input.wav,/Users/taro252/Docker/TimeStretchLab/results/phase7/bass_1_075_on.wav,/Users/taro252/Docker/TimeStretchLab/results/phase7/diagnostics/bass_1_075/pvsola_resync.csv,/Users/taro252/Docker/TimeStretchLab/results/phase7/bass_1_075_on.wav,48000,2,2880000,60.000000,0.119853,0,0.817624,0.996939,0.119164,0.012834,0.107704,0.996348,0.997430,0.997879,0.000000,yes,236,1.248484,0.120979,96,74.954722,44,0,8,36,0,1,2,3,4,0.704153,516,289,57.187,4.347,59.824
4096,1024,0.50,on,off,off,120,10,0.65,on,139,on,on,on,0.146075,on,on,16384,high,b,98304,32768,125,15442977185672678524,0,0,2160000,4320000,4.03913,0.878252,0,0,0,0,0,0,0,0,0,0,0,0,0,0,0,0,4.01412,14516224,bass,1,90,45,off,/Users/taro252/Docker/TimeStretchLab/results/phase7/bass_1_input.wav,/Users/taro252/Docker/TimeStretchLab/results/phase7/bass_1_050_off.wav,,/Users/taro252/Docker/TimeStretchLab/results/phase7/bass_1_050_off.wav,48000,2,4320000,90.000000,0.119199,0,0.817398,0.996107,0.118488,0.013004,0.109750,0.995083,0.997107,0.997883,0.000000,yes,236,3.798107,0.255252,96,74.196563,44,0,8,36,0,1,2,3,4,1.630861,776,536,57.689,4.065,63.968
4096,1024,0.50,on,off,on,120,10,0.65,on,139,on,on,on,0.146075,on,on,16384,high,b,98304,32768,125,15442977185672678524,0,0,2160000,4320000,4.36102,0.878252,0,0,0,0,0,0,0,0,0,1382,145,686,3.22222,0.89508,0.904138,231.345,4.34153,14598144,bass,1,90,45,on,/Users/taro252/Docker/TimeStretchLab/results/phase7/bass_1_input.wav,/Users/taro252/Docker/TimeStretchLab/results/phase7/bass_1_050_on.wav,/Users/taro252/Docker/TimeStretchLab/results/phase7/diagnostics/bass_1_050/pvsola_resync.csv,/Users/taro252/Docker/TimeStretchLab/results/phase7/bass_1_050_on.wav,48000,2,4320000,90.000000,0.119200,0,0.817415,0.996251,0.118492,0.012965,0.109413,0.995084,0.997109,0.997883,0.000000,yes,236,3.488884,0.258121,96,74.196528,44,0,8,36,0,1,2,3,4,1.630852,776,536,57.689,4.065,63.968
4096,1024,0.75,on,off,off,120,10,0.65,on,79,on,on,on,0.0332022,on,on,16384,high,b,98304,32768,74,4452792945669780657,0,0,960000,1280000,2.07969,1.036609,0,0,0,0,0,0,0,0,0,0,0,0,0,0,0,0,2.06936,14565376,drums,1,90,20,off,/Users/taro252/Docker/TimeStretchLab/results/phase7/drums_1_input.wav,/Users/taro252/Docker/TimeStretchLab/results/phase7/drums_1_075_off.wav,,/Users/taro252/Docker/TimeStretchLab/results/phase7/drums_1_075_off.wav,48000,2,1280000,26.666667,0.117853,169,1.075937,0.943019,0.116087,0.020328,0.175108,0.464419,0.971674,0.989819,0.000000,yes,1937,7.932594,0.925275,28,13.347057,19,6,3,10,0,0,2,3,3,2.061456,,,,,
4096,1024,0.75,on,off,on,120,10,0.65,on,79,on,on,on,0.0332022,on,on,16384,high,b,98304,32768,74,4452792945669780657,0,0,960000,1280000,2.35256,1.036609,0,0,0,0,0,0,0,0,0,866,14,478,0.7,0.983834,0.753441,307.286,2.17553,14614528,drums,1,90,20,on,/Users/taro252/Docker/TimeStretchLab/results/phase7/drums_1_input.wav,/Users/taro252/Docker/TimeStretchLab/results/phase7/drums_1_075_on.wav,/Users/taro252/Docker/TimeStretchLab/results/phase7/diagnostics/drums_1_075/pvsola_resync.csv,/Users/taro252/Docker/TimeStretchLab/results/phase7/drums_1_075_on.wav,48000,2,1280000,26.666667,0.117817,169,1.076030,0.943363,0.116062,0.020264,0.174595,0.464419,0.971674,0.989820,0.000000,yes,1937,7.805827,0.929179,28,13.347062,19,6,3,10,0,0,2,3,3,2.061457,,,,,
4096,1024,0.50,on,off,off,120,10,0.65,on,79,on,on,on,0.033215,on,on,16384,high,b,98304,32768,74,10566280545656028666,0,0,960000,1920000,2.20912,1.048729,0,0,0,0,0,0,0,0,0,0,0,0,0,0,0,0,2.16989,14548992,drums,1,90,20,off,/Users/taro252/Docker/TimeStretchLab/results/phase7/drums_1_input.wav,/Users/taro252/Docker/TimeStretchLab/results/phase7/drums_1_050_off.wav,,/Users/taro252/Docker/TimeStretchLab/results/phase7/drums_1_050_off.wav,48000,2,1920000,40.000000,0.109043,303,1.070890,0.924291,0.106899,0.021517,0.201280,0.433956,0.956153,0.983858,0.000000,yes,1937,18.979847,1.524855,28,13.201431,19,6,3,10,0,0,2,3,3,5.098423,,,,,
4096,1024,0.50,on,off,on,120,10,0.65,on,79,on,on,on,0.033215,on,on,16384,high,b,98304,32768,74,10566280545656028666,0,0,960000,1920000,2.2114,1.048729,0,0,0,0,0,0,0,0,0,905,6,485,0.3,0.99337,0.699429,222.667,2.20413,14581760,drums,1,90,20,on,/Users/taro252/Docker/TimeStretchLab/results/phase7/drums_1_input.wav,/Users/taro252/Docker/TimeStretchLab/results/phase7/drums_1_050_on.wav,/Users/taro252/Docker/TimeStretchLab/results/phase7/diagnostics/drums_1_050/pvsola_resync.csv,/Users/taro252/Docker/TimeStretchLab/results/phase7/drums_1_050_on.wav,48000,2,1920000,40.000000,0.109036,303,1.070964,0.924375,0.106895,0.021504,0.201174,0.433956,0.956249,0.983858,0.000000,yes,1937,18.623292,1.524956,28,13.201431,19,6,3,10,0,0,2,3,3,5.098423,,,,,
4096,1024,0.75,on,off,off,120,10,0.65,on,80,on,on,on,0.0653402,on,on,16384,high,b,98304,32768,71,1537913735195277245,0,0,960000,1280000,1.94304,0.849559,0,0,0,0,0,0,0,0,0,0,0,0,0,0,0,0,1.9393,14548992,guitar,1,90,20,off,/Users/taro252/Docker/TimeStretchLab/results/phase7/guitar_1_input.wav,/Users/taro252/Docker/TimeStretchLab/results/phase7/guitar_1_075_off.wav,,/Users/taro252/Docker/TimeStretchLab/results/phase7/guitar_1_075_off.wav,48000,2,1280000,26.666667,0.110547,0,1.396422,0.902819,0.106456,0.029794,0.279870,0.841857,0.917089,0.943541,0.000000,yes,207,9.131559,0.818629,23,10.715009,19,5,7,7,0,0,1,2,3,5.241058,,,,,
4096,1024,0.75,on,off,on,120,10,0.65,on,80,on,on,on,0.0653402,on,on,16384,high,b,98304,32768,71,1537913735195277245,0,0,960000,1280000,2.08833,0.849553,0,0,0,0,0,0,0,0,0,471,93,343,4.65,0.802548,0.94274,312.097,2.0837,14680064,guitar,1,90,20,on,/Users/taro252/Docker/TimeStretchLab/results/phase7/guitar_1_input.wav,/Users/taro252/Docker/TimeStretchLab/results/phase7/guitar_1_075_on.wav,/Users/taro252/Docker/TimeStretchLab/results/phase7/diagnostics/guitar_1_075/pvsola_resync.csv,/Users/taro252/Docker/TimeStretchLab/results/phase7/guitar_1_075_on.wav,48000,2,1280000,26.666667,0.110424,0,1.396854,0.903254,0.106348,0.029727,0.279530,0.841017,0.922493,0.945666,0.000000,yes,207,11.641570,1.063483,23,10.715153,19,5,7,7,0,0,1,2,3,5.241613,,,,,
4096,1024,0.50,on,off,off,120,10,0.65,on,80,on,on,on,0.0653952,on,on,16384,high,b,98304,32768,71,10997160189700263816,0,0,960000,1920000,2.06082,0.848485,0,0,0,0,0,0,0,0,0,0,0,0,0,0,0,0,2.04899,14516224,guitar,1,90,20,off,/Users/taro252/Docker/TimeStretchLab/results/phase7/guitar_1_input.wav,/Users/taro252/Docker/TimeStretchLab/results/phase7/guitar_1_050_off.wav,,/Users/taro252/Docker/TimeStretchLab/results/phase7/guitar_1_050_off.wav,48000,2,1920000,40.000000,0.109652,0,1.405602,0.894762,0.105326,0.030497,0.289547,0.805922,0.908449,0.948238,0.000000,yes,207,24.954559,1.488835,23,11.235452,19,5,7,7,0,0,1,2,3,11.932071,,,,,
4096,1024,0.50,on,off,on,120,10,0.65,on,80,on,on,on,0.0653952,on,on,16384,high,b,98304,32768,71,10997160189700263816,0,0,960000,1920000,2.17382,0.848485,0,0,0,0,0,0,0,0,0,476,92,345,4.6,0.806723,0.875394,235.304,2.16974,14532608,guitar,1,90,20,on,/Users/taro252/Docker/TimeStretchLab/results/phase7/guitar_1_input.wav,/Users/taro252/Docker/TimeStretchLab/results/phase7/guitar_1_050_on.wav,/Users/taro252/Docker/TimeStretchLab/results/phase7/diagnostics/guitar_1_050/pvsola_resync.csv,/Users/taro252/Docker/TimeStretchLab/results/phase7/guitar_1_050_on.wav,48000,2,1920000,40.000000,0.109470,0,1.406766,0.894444,0.105135,0.030498,0.290084,0.811535,0.909042,0.950105,0.000000,yes,207,31.027789,1.301178,23,11.235498,19,5,7,7,0,0,1,2,3,11.930517,,,,,
