name,speed,mode,input,wav,listening_wav,events_csv,sha256
click_train,0.5,full,/Users/taro252/Docker/TimeStretchLab/results/phase101/artificial/click_train_input.wav,/Users/taro252/Docker/TimeStretchLab/results/phase101_reset_ablation/ab/click_train_050_full.wav,/Users/taro252/Docker/TimeStretchLab/results/phase101_reset_ablation/ab/click_train_050_full.wav,/Users/taro252/Docker/TimeStretchLab/results/phase101_reset_ablation/events/click_train_050_full.csv,2df88389738a46a80d205607ee1f4a66f890feca74a8a9177f0b1c3fe8af4368
click_train,0.5,reset_off,/Users/taro252/Docker/TimeStretchLab/results/phase101/artificial/click_train_input.wav,/Users/taro252/Docker/TimeStretchLab/results/phase101_reset_ablation/ab/click_train_050_reset_off.wav,/Users/taro252/Docker/TimeStretchLab/results/phase101_reset_ablation/ab/click_train_050_reset_off.wav,/Users/taro252/Docker/TimeStretchLab/results/phase101_reset_ablation/events/click_train_050_reset_off.csv,1f9f887b457f2e13ec1437d468a4d216540ef76982151d2816e5f8116c0bfd1d
click_train,0.75,full,/Users/taro252/Docker/TimeStretchLab/results/phase101/artificial/click_train_input.wav,/Users/taro252/Docker/TimeStretchLab/results/phase101_reset_ablation/ab/click_train_075_full.wav,/Users/taro252/Docker/TimeStretchLab/results/phase101_reset_ablation/ab/click_train_075_full.wav,/Users/taro252/Docker/TimeStretchLab/results/phase101_reset_ablation/events/click_train_075_full.csv,2e1caa750a222c8cff264dc417d2c2e408509aceb0ea55c9d209bb8204bb3d0b
click_train,0.75,reset_off,/Users/taro252/Docker/TimeStretchLab/results/phase101/artificial/click_train_input.wav,/Users/taro252/Docker/TimeStretchLab/results/phase101_reset_ablation/ab/click_train_075_reset_off.wav,/Users/taro252/Docker/TimeStretchLab/results/phase101_reset_ablation/ab/click_train_075_reset_off.wav,/Users/taro252/Docker/TimeStretchLab/results/phase101_reset_ablation/events/click_train_075_reset_off.csv,5eb598dc4f15fbe2dc6a6065536655f5340afbe64fec95d8db332af06b6b1d1c
artificial_drum,0.5,full,/Users/taro252/Docker/TimeStretchLab/results/phase101/artificial/artificial_drum_input.wav,/Users/taro252/Docker/TimeStretchLab/results/phase101_reset_ablation/ab/artificial_drum_050_full.wav,/Users/taro252/Docker/TimeStretchLab/results/phase101_reset_ablation/ab/artificial_drum_050_full.wav,/Users/taro252/Docker/TimeStretchLab/results/phase101_reset_ablation/events/artificial_drum_050_full.csv,4a790bcff1db5fee8192c1f759436069bb81e957de96123eb3aff8898fc341da
artificial_drum,0.5,reset_off,/Users/taro252/Docker/TimeStretchLab/results/phase101/artificial/artificial_drum_input.wav,/Users/taro252/Docker/TimeStretchLab/results/phase101_reset_ablation/ab/artificial_drum_050_reset_off.wav,/Users/taro252/Docker/TimeStretchLab/results/phase101_reset_ablation/ab/artificial_drum_050_reset_off.wav,/Users/taro252/Docker/TimeStretchLab/results/phase101_reset_ablation/events/artificial_drum_050_reset_off.csv,ac9e01ea6bd3326936b3b02e30275c7c9bff648c985c871a9284c12747784d86
artificial_drum,0.75,full,/Users/taro252/Docker/TimeStretchLab/results/phase101/artificial/artificial_drum_input.wav,/Users/taro252/Docker/TimeStretchLab/results/phase101_reset_ablation/ab/artificial_drum_075_full.wav,/Users/taro252/Docker/TimeStretchLab/results/phase101_reset_ablation/ab/artificial_drum_075_full.wav,/Users/taro252/Docker/TimeStretchLab/results/phase101_reset_ablation/events/artificial_drum_075_full.csv,8da2a46cfcbbab0f2e8891728511cd8521e2129c8b6f7c8d65237b7eadd27f77
artificial_drum,0.75,reset_off,/Users/taro252/Docker/TimeStretchLab/results/phase101/artificial/artificial_drum_input.wav,/Users/taro252/Docker/TimeStretchLab/results/phase101_reset_ablation/ab/artificial_drum_075_reset_off.wav,/Users/taro252/Docker/TimeStretchLab/results/phase101_reset_ablation/ab/artificial_drum_075_reset_off.wav,/Users/taro252/Docker/TimeStretchLab/results/phase101_reset_ablation/events/artificial_drum_075_reset_off.csv,7cecbfffd67156b0deefad7bbab8b20431182876c9d7c672a8e067b06ecc84f2
short_noise_burst,0.5,full,/Users/taro252/Docker/TimeStretchLab/results/phase101/artificial/short_noise_burst_input.wav,/Users/taro252/Docker/TimeStretchLab/results/phase101_reset_ablation/ab/short_noise_burst_050_full.wav,/Users/taro252/Docker/TimeStretchLab/results/phase101_reset_ablation/ab/short_noise_burst_050_full.wav,/Users/taro252/Docker/TimeStretchLab/results/phase101_reset_ablation/events/short_noise_burst_050_full.csv,c3ddc61494b7114a4ac98e12b16f675ac75e26133fb687acdca34e1b2008f491
short_noise_burst,0.5,reset_off,/Users/taro252/Docker/TimeStretchLab/results/phase101/artificial/short_noise_burst_input.wav,/Users/taro252/Docker/TimeStretchLab/results/phase101_reset_ablation/ab/short_noise_burst_050_reset_off.wav,/Users/taro252/Docker/TimeStretchLab/results/phase101_reset_ablation/ab/short_noise_burst_050_reset_off.wav,/Users/taro252/Docker/TimeStretchLab/results/phase101_reset_ablation/events/short_noise_burst_050_reset_off.csv,e31182d3ec5dc1e63377d3b1cd23d17025e461f2cf6a053151ffb6f8457832a6
short_noise_burst,0.75,full,/Users/taro252/Docker/TimeStretchLab/results/phase101/artificial/short_noise_burst_input.wav,/Users/taro252/Docker/TimeStretchLab/results/phase101_reset_ablation/ab/short_noise_burst_075_full.wav,/Users/taro252/Docker/TimeStretchLab/results/phase101_reset_ablation/ab/short_noise_burst_075_full.wav,/Users/taro252/Docker/TimeStretchLab/results/phase101_reset_ablation/events/short_noise_burst_075_full.csv,4397373d17c8c632003c774abf02432f86b6c1d1a1b2ae458fb379f30c247eee
short_noise_burst,0.75,reset_off,/Users/taro252/Docker/TimeStretchLab/results/phase101/artificial/short_noise_burst_input.wav,/Users/taro252/Docker/TimeStretchLab/results/phase101_reset_ablation/ab/short_noise_burst_075_reset_off.wav,/Users/taro252/Docker/TimeStretchLab/results/phase101_reset_ablation/ab/short_noise_burst_075_reset_off.wav,/Users/taro252/Docker/TimeStretchLab/results/phase101_reset_ablation/events/short_noise_burst_075_reset_off.csv,c3409c99c757b11072144438a865278381d5c339165aa865b74372e5f003423c
female_vocal,0.5,full,/Users/taro252/Docker/TimeStretchLab/results/phase101/real/female_vocal_input.wav,/Users/taro252/Docker/TimeStretchLab/results/phase101_reset_ablation/ab/female_vocal_050_full.wav,/Users/taro252/Docker/TimeStretchLab/results/phase101_reset_ablation/ab/female_vocal_050_full.wav,/Users/taro252/Docker/TimeStretchLab/results/phase101_reset_ablation/events/female_vocal_050_full.csv,b47d15c7ee56968ac9089825e27a8c6cc81911955c2a73f0112efc2f0634e803
female_vocal,0.5,reset_off,/Users/taro252/Docker/TimeStretchLab/results/phase101/real/female_vocal_input.wav,/Users/taro252/Docker/TimeStretchLab/results/phase101_reset_ablation/ab/female_vocal_050_reset_off.wav,/Users/taro252/Docker/TimeStretchLab/results/phase101_reset_ablation/ab/female_vocal_050_reset_off.wav,/Users/taro252/Docker/TimeStretchLab/results/phase101_reset_ablation/events/female_vocal_050_reset_off.csv,136bcc5378456d023f18e4594020d25fbf7a71f4e41efe2fcaf8260e549b8064
female_vocal,0.75,full,/Users/taro252/Docker/TimeStretchLab/results/phase101/real/female_vocal_input.wav,/Users/taro252/Docker/TimeStretchLab/results/phase101_reset_ablation/ab/female_vocal_075_full.wav,/Users/taro252/Docker/TimeStretchLab/results/phase101_reset_ablation/ab/female_vocal_075_full.wav,/Users/taro252/Docker/TimeStretchLab/results/phase101_reset_ablation/events/female_vocal_075_full.csv,a2c40ed134d48bec3f2870a7f2345cfc275d271f76fcfafe1f1fd9eda0bc9f09
female_vocal,0.75,reset_off,/Users/taro252/Docker/TimeStretchLab/results/phase101/real/female_vocal_input.wav,/Users/taro252/Docker/TimeStretchLab/results/phase101_reset_ablation/ab/female_vocal_075_reset_off.wav,/Users/taro252/Docker/TimeStretchLab/results/phase101_reset_ablation/ab/female_vocal_075_reset_off.wav,/Users/taro252/Docker/TimeStretchLab/results/phase101_reset_ablation/events/female_vocal_075_reset_off.csv,b9438ed64c988eff956b2fe804ae26101f5b6c21fab6cf1bddc691ff99272f9d
male_vocal,0.5,full,/Users/taro252/Docker/TimeStretchLab/results/phase101/real/male_vocal_input.wav,/Users/taro252/Docker/TimeStretchLab/results/phase101_reset_ablation/ab/male_vocal_050_full.wav,/Users/taro252/Docker/TimeStretchLab/results/phase101_reset_ablation/ab/male_vocal_050_full.wav,/Users/taro252/Docker/TimeStretchLab/results/phase101_reset_ablation/events/male_vocal_050_full.csv,a3306d41846f0af00ee15961c4b7a8d5957684f9cc5ce57adeb1dcd5fc85f134
male_vocal,0.5,reset_off,/Users/taro252/Docker/TimeStretchLab/results/phase101/real/male_vocal_input.wav,/Users/taro252/Docker/TimeStretchLab/results/phase101_reset_ablation/ab/male_vocal_050_reset_off.wav,/Users/taro252/Docker/TimeStretchLab/results/phase101_reset_ablation/ab/male_vocal_050_reset_off.wav,/Users/taro252/Docker/TimeStretchLab/results/phase101_reset_ablation/events/male_vocal_050_reset_off.csv,afaf85643eeb52be1fa86c5350234d8b11156740643f5b2c23c48bfc02cfd6ca
male_vocal,0.75,full,/Users/taro252/Docker/TimeStretchLab/results/phase101/real/male_vocal_input.wav,/Users/taro252/Docker/TimeStretchLab/results/phase101_reset_ablation/ab/male_vocal_075_full.wav,/Users/taro252/Docker/TimeStretchLab/results/phase101_reset_ablation/ab/male_vocal_075_full.wav,/Users/taro252/Docker/TimeStretchLab/results/phase101_reset_ablation/events/male_vocal_075_full.csv,37187ec8aa956d7e528fadd5793237f5da0856851571779815ac800106c98de1
male_vocal,0.75,reset_off,/Users/taro252/Docker/TimeStretchLab/results/phase101/real/male_vocal_input.wav,/Users/taro252/Docker/TimeStretchLab/results/phase101_reset_ablation/ab/male_vocal_075_reset_off.wav,/Users/taro252/Docker/TimeStretchLab/results/phase101_reset_ablation/ab/male_vocal_075_reset_off.wav,/Users/taro252/Docker/TimeStretchLab/results/phase101_reset_ablation/events/male_vocal_075_reset_off.csv,33a34eb7816447975e829de4664bc029648de1826b82a4926ad6d48ff5698193
mix,0.5,full,/Users/taro252/Docker/TimeStretchLab/results/phase101/real/mix_input.wav,/Users/taro252/Docker/TimeStretchLab/results/phase101_reset_ablation/ab/mix_050_full.wav,/Users/taro252/Docker/TimeStretchLab/results/phase101_reset_ablation/listening/mix_050_full.wav,/Users/taro252/Docker/TimeStretchLab/results/phase101_reset_ablation/events/mix_050_full.csv,285b35e252acf9f724860f08c5a8528ec77a887469c51fc7ae0ac38f43648d99
mix,0.5,reset_off,/Users/taro252/Docker/TimeStretchLab/results/phase101/real/mix_input.wav,/Users/taro252/Docker/TimeStretchLab/results/phase101_reset_ablation/ab/mix_050_reset_off.wav,/Users/taro252/Docker/TimeStretchLab/results/phase101_reset_ablation/listening/mix_050_reset_off.wav,/Users/taro252/Docker/TimeStretchLab/results/phase101_reset_ablation/events/mix_050_reset_off.csv,774c15dfbb473f55ad1f8a1177efccbbf963def81baf915eb9f6ddc0dd196c32
mix,0.75,full,/Users/taro252/Docker/TimeStretchLab/results/phase101/real/mix_input.wav,/Users/taro252/Docker/TimeStretchLab/results/phase101_reset_ablation/ab/mix_075_full.wav,/Users/taro252/Docker/TimeStretchLab/results/phase101_reset_ablation/listening/mix_075_full.wav,/Users/taro252/Docker/TimeStretchLab/results/phase101_reset_ablation/events/mix_075_full.csv,511b73198ecf259809fe1ebe59ee950ea6af9b7285ec5c8b2d419cf60e92eda0
mix,0.75,reset_off,/Users/taro252/Docker/TimeStretchLab/results/phase101/real/mix_input.wav,/Users/taro252/Docker/TimeStretchLab/results/phase101_reset_ablation/ab/mix_075_reset_off.wav,/Users/taro252/Docker/TimeStretchLab/results/phase101_reset_ablation/listening/mix_075_reset_off.wav,/Users/taro252/Docker/TimeStretchLab/results/phase101_reset_ablation/events/mix_075_reset_off.csv,669c7608eca0e531e9a0e265b8db21131e964bfbf085ba25b9af41291c93d55a
pure_vowel,0.5,full,/Users/taro252/Docker/TimeStretchLab/results/phase9a/pure_vowel_input.wav,/Users/taro252/Docker/TimeStretchLab/results/phase101_reset_ablation/ab/pure_vowel_050_full.wav,/Users/taro252/Docker/TimeStretchLab/results/phase101_reset_ablation/ab/pure_vowel_050_full.wav,/Users/taro252/Docker/TimeStretchLab/results/phase101_reset_ablation/events/pure_vowel_050_full.csv,144326d088a3a5cd6af365b03447bcae7f8b5b83a251de2786e141d5349c4123
pure_vowel,0.5,reset_off,/Users/taro252/Docker/TimeStretchLab/results/phase9a/pure_vowel_input.wav,/Users/taro252/Docker/TimeStretchLab/results/phase101_reset_ablation/ab/pure_vowel_050_reset_off.wav,/Users/taro252/Docker/TimeStretchLab/results/phase101_reset_ablation/ab/pure_vowel_050_reset_off.wav,/Users/taro252/Docker/TimeStretchLab/results/phase101_reset_ablation/events/pure_vowel_050_reset_off.csv,144326d088a3a5cd6af365b03447bcae7f8b5b83a251de2786e141d5349c4123
pure_vowel,0.75,full,/Users/taro252/Docker/TimeStretchLab/results/phase9a/pure_vowel_input.wav,/Users/taro252/Docker/TimeStretchLab/results/phase101_reset_ablation/ab/pure_vowel_075_full.wav,/Users/taro252/Docker/TimeStretchLab/results/phase101_reset_ablation/ab/pure_vowel_075_full.wav,/Users/taro252/Docker/TimeStretchLab/results/phase101_reset_ablation/events/pure_vowel_075_full.csv,69d3299ebfa7412c3cda593ee4b090c88e220f3a525c2d658a98b2ce589bd5ef
pure_vowel,0.75,reset_off,/Users/taro252/Docker/TimeStretchLab/results/phase9a/pure_vowel_input.wav,/Users/taro252/Docker/TimeStretchLab/results/phase101_reset_ablation/ab/pure_vowel_075_reset_off.wav,/Users/taro252/Docker/TimeStretchLab/results/phase101_reset_ablation/ab/pure_vowel_075_reset_off.wav,/Users/taro252/Docker/TimeStretchLab/results/phase101_reset_ablation/events/pure_vowel_075_reset_off.csv,69d3299ebfa7412c3cda593ee4b090c88e220f3a525c2d658a98b2ce589bd5ef
breathy_vowel,0.5,full,/Users/taro252/Docker/TimeStretchLab/results/phase9a/breathy_vowel_input.wav,/Users/taro252/Docker/TimeStretchLab/results/phase101_reset_ablation/ab/breathy_vowel_050_full.wav,/Users/taro252/Docker/TimeStretchLab/results/phase101_reset_ablation/ab/breathy_vowel_050_full.wav,/Users/taro252/Docker/TimeStretchLab/results/phase101_reset_ablation/events/breathy_vowel_050_full.csv,c0fb9d76aac0d9d02b20a8cbe610203ea5618f45c225cedd8e2d688e4995acd9
breathy_vowel,0.5,reset_off,/Users/taro252/Docker/TimeStretchLab/results/phase9a/breathy_vowel_input.wav,/Users/taro252/Docker/TimeStretchLab/results/phase101_reset_ablation/ab/breathy_vowel_050_reset_off.wav,/Users/taro252/Docker/TimeStretchLab/results/phase101_reset_ablation/ab/breathy_vowel_050_reset_off.wav,/Users/taro252/Docker/TimeStretchLab/results/phase101_reset_ablation/events/breathy_vowel_050_reset_off.csv,c0fb9d76aac0d9d02b20a8cbe610203ea5618f45c225cedd8e2d688e4995acd9
breathy_vowel,0.75,full,/Users/taro252/Docker/TimeStretchLab/results/phase9a/breathy_vowel_input.wav,/Users/taro252/Docker/TimeStretchLab/results/phase101_reset_ablation/ab/breathy_vowel_075_full.wav,/Users/taro252/Docker/TimeStretchLab/results/phase101_reset_ablation/ab/breathy_vowel_075_full.wav,/Users/taro252/Docker/TimeStretchLab/results/phase101_reset_ablation/events/breathy_vowel_075_full.csv,49c10d1aca2115c02a5719b87b6dec6ca62bd31e7a67258d5f60799b40748125
breathy_vowel,0.75,reset_off,/Users/taro252/Docker/TimeStretchLab/results/phase9a/breathy_vowel_input.wav,/Users/taro252/Docker/TimeStretchLab/results/phase101_reset_ablation/ab/breathy_vowel_075_reset_off.wav,/Users/taro252/Docker/TimeStretchLab/results/phase101_reset_ablation/ab/breathy_vowel_075_reset_off.wav,/Users/taro252/Docker/TimeStretchLab/results/phase101_reset_ablation/events/breathy_vowel_075_reset_off.csv,49c10d1aca2115c02a5719b87b6dec6ca62bd31e7a67258d5f60799b40748125
