sequence,peakFrame,inputSample,strength,preciseAnchor
0,22,22528,1,0
1,32,32768,1,0
2,45,46080,1,0
3,69,70656,1,0
4,79,80896,1,0
5,92,94208,1,0
6,116,118784,1,0
7,126,129024,1,0
8,139,142336,1,0
9,163,166912,1,0
10,173,177152,1,0
11,186,190464,1,0
12,209,214016,1,0
13,220,225280,1,0
14,233,238592,1,0
15,256,262144,1,0
16,267,273408,1,0
17,280,286720,1,0
18,303,310272,1,0
19,313,320512,1,0
20,327,334848,1,0
21,350,358400,1,0
22,360,368640,1,0
23,374,382976,1,0
24,397,406528,1,0
25,407,416768,1,0
26,420,430080,1,0
27,444,454656,1,0
28,454,464896,1,0
