name,region,rank,trial,A_file,B_file,preferred_A_or_B,flutter_A,flutter_B,robotic_A,robotic_B,buzz_A,buzz_B,timbre_instability_A,timbre_instability_B,notes
female_1,high,1,1,/Users/taro252/Docker/TimeStretchLab/results/phase9d/blind/female_1/high_01/A.wav,/Users/taro252/Docker/TimeStretchLab/results/phase9d/blind/female_1/high_01/B.wav,,,,,,,,,,
female_1,high,1,2,/Users/taro252/Docker/TimeStretchLab/results/phase9d/blind/female_1/high_01/A.wav,/Users/taro252/Docker/TimeStretchLab/results/phase9d/blind/female_1/high_01/B.wav,,,,,,,,,,
female_1,high,1,3,/Users/taro252/Docker/TimeStretchLab/results/phase9d/blind/female_1/high_01/A.wav,/Users/taro252/Docker/TimeStretchLab/results/phase9d/blind/female_1/high_01/B.wav,,,,,,,,,,
female_1,high,2,1,/Users/taro252/Docker/TimeStretchLab/results/phase9d/blind/female_1/high_02/A.wav,/Users/taro252/Docker/TimeStretchLab/results/phase9d/blind/female_1/high_02/B.wav,,,,,,,,,,
female_1,high,2,2,/Users/taro252/Docker/TimeStretchLab/results/phase9d/blind/female_1/high_02/A.wav,/Users/taro252/Docker/TimeStretchLab/results/phase9d/blind/female_1/high_02/B.wav,,,,,,,,,,
female_1,high,2,3,/Users/taro252/Docker/TimeStretchLab/results/phase9d/blind/female_1/high_02/A.wav,/Users/taro252/Docker/TimeStretchLab/results/phase9d/blind/female_1/high_02/B.wav,,,,,,,,,,
female_1,high,3,1,/Users/taro252/Docker/TimeStretchLab/results/phase9d/blind/female_1/high_03/A.wav,/Users/taro252/Docker/TimeStretchLab/results/phase9d/blind/female_1/high_03/B.wav,,,,,,,,,,
female_1,high,3,2,/Users/taro252/Docker/TimeStretchLab/results/phase9d/blind/female_1/high_03/A.wav,/Users/taro252/Docker/TimeStretchLab/results/phase9d/blind/female_1/high_03/B.wav,,,,,,,,,,
female_1,high,3,3,/Users/taro252/Docker/TimeStretchLab/results/phase9d/blind/female_1/high_03/A.wav,/Users/taro252/Docker/TimeStretchLab/results/phase9d/blind/female_1/high_03/B.wav,,,,,,,,,,
female_1,high,4,1,/Users/taro252/Docker/TimeStretchLab/results/phase9d/blind/female_1/high_04/A.wav,/Users/taro252/Docker/TimeStretchLab/results/phase9d/blind/female_1/high_04/B.wav,,,,,,,,,,
female_1,high,4,2,/Users/taro252/Docker/TimeStretchLab/results/phase9d/blind/female_1/high_04/A.wav,/Users/taro252/Docker/TimeStretchLab/results/phase9d/blind/female_1/high_04/B.wav,,,,,,,,,,
female_1,high,4,3,/Users/taro252/Docker/TimeStretchLab/results/phase9d/blind/female_1/high_04/A.wav,/Users/taro252/Docker/TimeStretchLab/results/phase9d/blind/female_1/high_04/B.wav,,,,,,,,,,
female_1,high,5,1,/Users/taro252/Docker/TimeStretchLab/results/phase9d/blind/female_1/high_05/A.wav,/Users/taro252/Docker/TimeStretchLab/results/phase9d/blind/female_1/high_05/B.wav,,,,,,,,,,
female_1,high,5,2,/Users/taro252/Docker/TimeStretchLab/results/phase9d/blind/female_1/high_05/A.wav,/Users/taro252/Docker/TimeStretchLab/results/phase9d/blind/female_1/high_05/B.wav,,,,,,,,,,
female_1,high,5,3,/Users/taro252/Docker/TimeStretchLab/results/phase9d/blind/female_1/high_05/A.wav,/Users/taro252/Docker/TimeStretchLab/results/phase9d/blind/female_1/high_05/B.wav,,,,,,,,,,
female_1,control,1,1,/Users/taro252/Docker/TimeStretchLab/results/phase9d/blind/female_1/control_01/A.wav,/Users/taro252/Docker/TimeStretchLab/results/phase9d/blind/female_1/control_01/B.wav,,,,,,,,,,
female_1,control,1,2,/Users/taro252/Docker/TimeStretchLab/results/phase9d/blind/female_1/control_01/A.wav,/Users/taro252/Docker/TimeStretchLab/results/phase9d/blind/female_1/control_01/B.wav,,,,,,,,,,
female_1,control,1,3,/Users/taro252/Docker/TimeStretchLab/results/phase9d/blind/female_1/control_01/A.wav,/Users/taro252/Docker/TimeStretchLab/results/phase9d/blind/female_1/control_01/B.wav,,,,,,,,,,
female_1,control,2,1,/Users/taro252/Docker/TimeStretchLab/results/phase9d/blind/female_1/control_02/A.wav,/Users/taro252/Docker/TimeStretchLab/results/phase9d/blind/female_1/control_02/B.wav,,,,,,,,,,
female_1,control,2,2,/Users/taro252/Docker/TimeStretchLab/results/phase9d/blind/female_1/control_02/A.wav,/Users/taro252/Docker/TimeStretchLab/results/phase9d/blind/female_1/control_02/B.wav,,,,,,,,,,
female_1,control,2,3,/Users/taro252/Docker/TimeStretchLab/results/phase9d/blind/female_1/control_02/A.wav,/Users/taro252/Docker/TimeStretchLab/results/phase9d/blind/female_1/control_02/B.wav,,,,,,,,,,
female_1,control,3,1,/Users/taro252/Docker/TimeStretchLab/results/phase9d/blind/female_1/control_03/A.wav,/Users/taro252/Docker/TimeStretchLab/results/phase9d/blind/female_1/control_03/B.wav,,,,,,,,,,
female_1,control,3,2,/Users/taro252/Docker/TimeStretchLab/results/phase9d/blind/female_1/control_03/A.wav,/Users/taro252/Docker/TimeStretchLab/results/phase9d/blind/female_1/control_03/B.wav,,,,,,,,,,
female_1,control,3,3,/Users/taro252/Docker/TimeStretchLab/results/phase9d/blind/female_1/control_03/A.wav,/Users/taro252/Docker/TimeStretchLab/results/phase9d/blind/female_1/control_03/B.wav,,,,,,,,,,
female_1,control,4,1,/Users/taro252/Docker/TimeStretchLab/results/phase9d/blind/female_1/control_04/A.wav,/Users/taro252/Docker/TimeStretchLab/results/phase9d/blind/female_1/control_04/B.wav,,,,,,,,,,
female_1,control,4,2,/Users/taro252/Docker/TimeStretchLab/results/phase9d/blind/female_1/control_04/A.wav,/Users/taro252/Docker/TimeStretchLab/results/phase9d/blind/female_1/control_04/B.wav,,,,,,,,,,
female_1,control,4,3,/Users/taro252/Docker/TimeStretchLab/results/phase9d/blind/female_1/control_04/A.wav,/Users/taro252/Docker/TimeStretchLab/results/phase9d/blind/female_1/control_04/B.wav,,,,,,,,,,
female_1,control,5,1,/Users/taro252/Docker/TimeStretchLab/results/phase9d/blind/female_1/control_05/A.wav,/Users/taro252/Docker/TimeStretchLab/results/phase9d/blind/female_1/control_05/B.wav,,,,,,,,,,
female_1,control,5,2,/Users/taro252/Docker/TimeStretchLab/results/phase9d/blind/female_1/control_05/A.wav,/Users/taro252/Docker/TimeStretchLab/results/phase9d/blind/female_1/control_05/B.wav,,,,,,,,,,
female_1,control,5,3,/Users/taro252/Docker/TimeStretchLab/results/phase9d/blind/female_1/control_05/A.wav,/Users/taro252/Docker/TimeStretchLab/results/phase9d/blind/female_1/control_05/B.wav,,,,,,,,,,
female_2,high,1,1,/Users/taro252/Docker/TimeStretchLab/results/phase9d/blind/female_2/high_01/A.wav,/Users/taro252/Docker/TimeStretchLab/results/phase9d/blind/female_2/high_01/B.wav,,,,,,,,,,
female_2,high,1,2,/Users/taro252/Docker/TimeStretchLab/results/phase9d/blind/female_2/high_01/A.wav,/Users/taro252/Docker/TimeStretchLab/results/phase9d/blind/female_2/high_01/B.wav,,,,,,,,,,
female_2,high,1,3,/Users/taro252/Docker/TimeStretchLab/results/phase9d/blind/female_2/high_01/A.wav,/Users/taro252/Docker/TimeStretchLab/results/phase9d/blind/female_2/high_01/B.wav,,,,,,,,,,
female_2,high,2,1,/Users/taro252/Docker/TimeStretchLab/results/phase9d/blind/female_2/high_02/A.wav,/Users/taro252/Docker/TimeStretchLab/results/phase9d/blind/female_2/high_02/B.wav,,,,,,,,,,
female_2,high,2,2,/Users/taro252/Docker/TimeStretchLab/results/phase9d/blind/female_2/high_02/A.wav,/Users/taro252/Docker/TimeStretchLab/results/phase9d/blind/female_2/high_02/B.wav,,,,,,,,,,
female_2,high,2,3,/Users/taro252/Docker/TimeStretchLab/results/phase9d/blind/female_2/high_02/A.wav,/Users/taro252/Docker/TimeStretchLab/results/phase9d/blind/female_2/high_02/B.wav,,,,,,,,,,
female_2,high,3,1,/Users/taro252/Docker/TimeStretchLab/results/phase9d/blind/female_2/high_03/A.wav,/Users/taro252/Docker/TimeStretchLab/results/phase9d/blind/female_2/high_03/B.wav,,,,,,,,,,
female_2,high,3,2,/Users/taro252/Docker/TimeStretchLab/results/phase9d/blind/female_2/high_03/A.wav,/Users/taro252/Docker/TimeStretchLab/results/phase9d/blind/female_2/high_03/B.wav,,,,,,,,,,
female_2,high,3,3,/Users/taro252/Docker/TimeStretchLab/results/phase9d/blind/female_2/high_03/A.wav,/Users/taro252/Docker/TimeStretchLab/results/phase9d/blind/female_2/high_03/B.wav,,,,,,,,,,
female_2,high,4,1,/Users/taro252/Docker/TimeStretchLab/results/phase9d/blind/female_2/high_04/A.wav,/Users/taro252/Docker/TimeStretchLab/results/phase9d/blind/female_2/high_04/B.wav,,,,,,,,,,
female_2,high,4,2,/Users/taro252/Docker/TimeStretchLab/results/phase9d/blind/female_2/high_04/A.wav,/Users/taro252/Docker/TimeStretchLab/results/phase9d/blind/female_2/high_04/B.wav,,,,,,,,,,
female_2,high,4,3,/Users/taro252/Docker/TimeStretchLab/results/phase9d/blind/female_2/high_04/A.wav,/Users/taro252/Docker/TimeStretchLab/results/phase9d/blind/female_2/high_04/B.wav,,,,,,,,,,
female_2,high,5,1,/Users/taro252/Docker/TimeStretchLab/results/phase9d/blind/female_2/high_05/A.wav,/Users/taro252/Docker/TimeStretchLab/results/phase9d/blind/female_2/high_05/B.wav,,,,,,,,,,
female_2,high,5,2,/Users/taro252/Docker/TimeStretchLab/results/phase9d/blind/female_2/high_05/A.wav,/Users/taro252/Docker/TimeStretchLab/results/phase9d/blind/female_2/high_05/B.wav,,,,,,,,,,
female_2,high,5,3,/Users/taro252/Docker/TimeStretchLab/results/phase9d/blind/female_2/high_05/A.wav,/Users/taro252/Docker/TimeStretchLab/results/phase9d/blind/female_2/high_05/B.wav,,,,,,,,,,
female_2,control,1,1,/Users/taro252/Docker/TimeStretchLab/results/phase9d/blind/female_2/control_01/A.wav,/Users/taro252/Docker/TimeStretchLab/results/phase9d/blind/female_2/control_01/B.wav,,,,,,,,,,
female_2,control,1,2,/Users/taro252/Docker/TimeStretchLab/results/phase9d/blind/female_2/control_01/A.wav,/Users/taro252/Docker/TimeStretchLab/results/phase9d/blind/female_2/control_01/B.wav,,,,,,,,,,
female_2,control,1,3,/Users/taro252/Docker/TimeStretchLab/results/phase9d/blind/female_2/control_01/A.wav,/Users/taro252/Docker/TimeStretchLab/results/phase9d/blind/female_2/control_01/B.wav,,,,,,,,,,
female_2,control,2,1,/Users/taro252/Docker/TimeStretchLab/results/phase9d/blind/female_2/control_02/A.wav,/Users/taro252/Docker/TimeStretchLab/results/phase9d/blind/female_2/control_02/B.wav,,,,,,,,,,
female_2,control,2,2,/Users/taro252/Docker/TimeStretchLab/results/phase9d/blind/female_2/control_02/A.wav,/Users/taro252/Docker/TimeStretchLab/results/phase9d/blind/female_2/control_02/B.wav,,,,,,,,,,
female_2,control,2,3,/Users/taro252/Docker/TimeStretchLab/results/phase9d/blind/female_2/control_02/A.wav,/Users/taro252/Docker/TimeStretchLab/results/phase9d/blind/female_2/control_02/B.wav,,,,,,,,,,
female_2,control,3,1,/Users/taro252/Docker/TimeStretchLab/results/phase9d/blind/female_2/control_03/A.wav,/Users/taro252/Docker/TimeStretchLab/results/phase9d/blind/female_2/control_03/B.wav,,,,,,,,,,
female_2,control,3,2,/Users/taro252/Docker/TimeStretchLab/results/phase9d/blind/female_2/control_03/A.wav,/Users/taro252/Docker/TimeStretchLab/results/phase9d/blind/female_2/control_03/B.wav,,,,,,,,,,
female_2,control,3,3,/Users/taro252/Docker/TimeStretchLab/results/phase9d/blind/female_2/control_03/A.wav,/Users/taro252/Docker/TimeStretchLab/results/phase9d/blind/female_2/control_03/B.wav,,,,,,,,,,
female_2,control,4,1,/Users/taro252/Docker/TimeStretchLab/results/phase9d/blind/female_2/control_04/A.wav,/Users/taro252/Docker/TimeStretchLab/results/phase9d/blind/female_2/control_04/B.wav,,,,,,,,,,
female_2,control,4,2,/Users/taro252/Docker/TimeStretchLab/results/phase9d/blind/female_2/control_04/A.wav,/Users/taro252/Docker/TimeStretchLab/results/phase9d/blind/female_2/control_04/B.wav,,,,,,,,,,
female_2,control,4,3,/Users/taro252/Docker/TimeStretchLab/results/phase9d/blind/female_2/control_04/A.wav,/Users/taro252/Docker/TimeStretchLab/results/phase9d/blind/female_2/control_04/B.wav,,,,,,,,,,
female_2,control,5,1,/Users/taro252/Docker/TimeStretchLab/results/phase9d/blind/female_2/control_05/A.wav,/Users/taro252/Docker/TimeStretchLab/results/phase9d/blind/female_2/control_05/B.wav,,,,,,,,,,
female_2,control,5,2,/Users/taro252/Docker/TimeStretchLab/results/phase9d/blind/female_2/control_05/A.wav,/Users/taro252/Docker/TimeStretchLab/results/phase9d/blind/female_2/control_05/B.wav,,,,,,,,,,
female_2,control,5,3,/Users/taro252/Docker/TimeStretchLab/results/phase9d/blind/female_2/control_05/A.wav,/Users/taro252/Docker/TimeStretchLab/results/phase9d/blind/female_2/control_05/B.wav,,,,,,,,,,
female_3,high,1,1,/Users/taro252/Docker/TimeStretchLab/results/phase9d/blind/female_3/high_01/A.wav,/Users/taro252/Docker/TimeStretchLab/results/phase9d/blind/female_3/high_01/B.wav,,,,,,,,,,
female_3,high,1,2,/Users/taro252/Docker/TimeStretchLab/results/phase9d/blind/female_3/high_01/A.wav,/Users/taro252/Docker/TimeStretchLab/results/phase9d/blind/female_3/high_01/B.wav,,,,,,,,,,
female_3,high,1,3,/Users/taro252/Docker/TimeStretchLab/results/phase9d/blind/female_3/high_01/A.wav,/Users/taro252/Docker/TimeStretchLab/results/phase9d/blind/female_3/high_01/B.wav,,,,,,,,,,
female_3,high,2,1,/Users/taro252/Docker/TimeStretchLab/results/phase9d/blind/female_3/high_02/A.wav,/Users/taro252/Docker/TimeStretchLab/results/phase9d/blind/female_3/high_02/B.wav,,,,,,,,,,
female_3,high,2,2,/Users/taro252/Docker/TimeStretchLab/results/phase9d/blind/female_3/high_02/A.wav,/Users/taro252/Docker/TimeStretchLab/results/phase9d/blind/female_3/high_02/B.wav,,,,,,,,,,
female_3,high,2,3,/Users/taro252/Docker/TimeStretchLab/results/phase9d/blind/female_3/high_02/A.wav,/Users/taro252/Docker/TimeStretchLab/results/phase9d/blind/female_3/high_02/B.wav,,,,,,,,,,
female_3,high,3,1,/Users/taro252/Docker/TimeStretchLab/results/phase9d/blind/female_3/high_03/A.wav,/Users/taro252/Docker/TimeStretchLab/results/phase9d/blind/female_3/high_03/B.wav,,,,,,,,,,
female_3,high,3,2,/Users/taro252/Docker/TimeStretchLab/results/phase9d/blind/female_3/high_03/A.wav,/Users/taro252/Docker/TimeStretchLab/results/phase9d/blind/female_3/high_03/B.wav,,,,,,,,,,
female_3,high,3,3,/Users/taro252/Docker/TimeStretchLab/results/phase9d/blind/female_3/high_03/A.wav,/Users/taro252/Docker/TimeStretchLab/results/phase9d/blind/female_3/high_03/B.wav,,,,,,,,,,
female_3,high,4,1,/Users/taro252/Docker/TimeStretchLab/results/phase9d/blind/female_3/high_04/A.wav,/Users/taro252/Docker/TimeStretchLab/results/phase9d/blind/female_3/high_04/B.wav,,,,,,,,,,
female_3,high,4,2,/Users/taro252/Docker/TimeStretchLab/results/phase9d/blind/female_3/high_04/A.wav,/Users/taro252/Docker/TimeStretchLab/results/phase9d/blind/female_3/high_04/B.wav,,,,,,,,,,
female_3,high,4,3,/Users/taro252/Docker/TimeStretchLab/results/phase9d/blind/female_3/high_04/A.wav,/Users/taro252/Docker/TimeStretchLab/results/phase9d/blind/female_3/high_04/B.wav,,,,,,,,,,
female_3,high,5,1,/Users/taro252/Docker/TimeStretchLab/results/phase9d/blind/female_3/high_05/A.wav,/Users/taro252/Docker/TimeStretchLab/results/phase9d/blind/female_3/high_05/B.wav,,,,,,,,,,
female_3,high,5,2,/Users/taro252/Docker/TimeStretchLab/results/phase9d/blind/female_3/high_05/A.wav,/Users/taro252/Docker/TimeStretchLab/results/phase9d/blind/female_3/high_05/B.wav,,,,,,,,,,
female_3,high,5,3,/Users/taro252/Docker/TimeStretchLab/results/phase9d/blind/female_3/high_05/A.wav,/Users/taro252/Docker/TimeStretchLab/results/phase9d/blind/female_3/high_05/B.wav,,,,,,,,,,
female_3,control,1,1,/Users/taro252/Docker/TimeStretchLab/results/phase9d/blind/female_3/control_01/A.wav,/Users/taro252/Docker/TimeStretchLab/results/phase9d/blind/female_3/control_01/B.wav,,,,,,,,,,
female_3,control,1,2,/Users/taro252/Docker/TimeStretchLab/results/phase9d/blind/female_3/control_01/A.wav,/Users/taro252/Docker/TimeStretchLab/results/phase9d/blind/female_3/control_01/B.wav,,,,,,,,,,
female_3,control,1,3,/Users/taro252/Docker/TimeStretchLab/results/phase9d/blind/female_3/control_01/A.wav,/Users/taro252/Docker/TimeStretchLab/results/phase9d/blind/female_3/control_01/B.wav,,,,,,,,,,
female_3,control,2,1,/Users/taro252/Docker/TimeStretchLab/results/phase9d/blind/female_3/control_02/A.wav,/Users/taro252/Docker/TimeStretchLab/results/phase9d/blind/female_3/control_02/B.wav,,,,,,,,,,
female_3,control,2,2,/Users/taro252/Docker/TimeStretchLab/results/phase9d/blind/female_3/control_02/A.wav,/Users/taro252/Docker/TimeStretchLab/results/phase9d/blind/female_3/control_02/B.wav,,,,,,,,,,
female_3,control,2,3,/Users/taro252/Docker/TimeStretchLab/results/phase9d/blind/female_3/control_02/A.wav,/Users/taro252/Docker/TimeStretchLab/results/phase9d/blind/female_3/control_02/B.wav,,,,,,,,,,
female_3,control,3,1,/Users/taro252/Docker/TimeStretchLab/results/phase9d/blind/female_3/control_03/A.wav,/Users/taro252/Docker/TimeStretchLab/results/phase9d/blind/female_3/control_03/B.wav,,,,,,,,,,
female_3,control,3,2,/Users/taro252/Docker/TimeStretchLab/results/phase9d/blind/female_3/control_03/A.wav,/Users/taro252/Docker/TimeStretchLab/results/phase9d/blind/female_3/control_03/B.wav,,,,,,,,,,
female_3,control,3,3,/Users/taro252/Docker/TimeStretchLab/results/phase9d/blind/female_3/control_03/A.wav,/Users/taro252/Docker/TimeStretchLab/results/phase9d/blind/female_3/control_03/B.wav,,,,,,,,,,
female_3,control,4,1,/Users/taro252/Docker/TimeStretchLab/results/phase9d/blind/female_3/control_04/A.wav,/Users/taro252/Docker/TimeStretchLab/results/phase9d/blind/female_3/control_04/B.wav,,,,,,,,,,
female_3,control,4,2,/Users/taro252/Docker/TimeStretchLab/results/phase9d/blind/female_3/control_04/A.wav,/Users/taro252/Docker/TimeStretchLab/results/phase9d/blind/female_3/control_04/B.wav,,,,,,,,,,
female_3,control,4,3,/Users/taro252/Docker/TimeStretchLab/results/phase9d/blind/female_3/control_04/A.wav,/Users/taro252/Docker/TimeStretchLab/results/phase9d/blind/female_3/control_04/B.wav,,,,,,,,,,
female_3,control,5,1,/Users/taro252/Docker/TimeStretchLab/results/phase9d/blind/female_3/control_05/A.wav,/Users/taro252/Docker/TimeStretchLab/results/phase9d/blind/female_3/control_05/B.wav,,,,,,,,,,
female_3,control,5,2,/Users/taro252/Docker/TimeStretchLab/results/phase9d/blind/female_3/control_05/A.wav,/Users/taro252/Docker/TimeStretchLab/results/phase9d/blind/female_3/control_05/B.wav,,,,,,,,,,
female_3,control,5,3,/Users/taro252/Docker/TimeStretchLab/results/phase9d/blind/female_3/control_05/A.wav,/Users/taro252/Docker/TimeStretchLab/results/phase9d/blind/female_3/control_05/B.wav,,,,,,,,,,
male_1,high,1,1,/Users/taro252/Docker/TimeStretchLab/results/phase9d/blind/male_1/high_01/A.wav,/Users/taro252/Docker/TimeStretchLab/results/phase9d/blind/male_1/high_01/B.wav,,,,,,,,,,
male_1,high,1,2,/Users/taro252/Docker/TimeStretchLab/results/phase9d/blind/male_1/high_01/A.wav,/Users/taro252/Docker/TimeStretchLab/results/phase9d/blind/male_1/high_01/B.wav,,,,,,,,,,
male_1,high,1,3,/Users/taro252/Docker/TimeStretchLab/results/phase9d/blind/male_1/high_01/A.wav,/Users/taro252/Docker/TimeStretchLab/results/phase9d/blind/male_1/high_01/B.wav,,,,,,,,,,
male_1,high,2,1,/Users/taro252/Docker/TimeStretchLab/results/phase9d/blind/male_1/high_02/A.wav,/Users/taro252/Docker/TimeStretchLab/results/phase9d/blind/male_1/high_02/B.wav,,,,,,,,,,
male_1,high,2,2,/Users/taro252/Docker/TimeStretchLab/results/phase9d/blind/male_1/high_02/A.wav,/Users/taro252/Docker/TimeStretchLab/results/phase9d/blind/male_1/high_02/B.wav,,,,,,,,,,
male_1,high,2,3,/Users/taro252/Docker/TimeStretchLab/results/phase9d/blind/male_1/high_02/A.wav,/Users/taro252/Docker/TimeStretchLab/results/phase9d/blind/male_1/high_02/B.wav,,,,,,,,,,
male_1,control,1,1,/Users/taro252/Docker/TimeStretchLab/results/phase9d/blind/male_1/control_01/A.wav,/Users/taro252/Docker/TimeStretchLab/results/phase9d/blind/male_1/control_01/B.wav,,,,,,,,,,
male_1,control,1,2,/Users/taro252/Docker/TimeStretchLab/results/phase9d/blind/male_1/control_01/A.wav,/Users/taro252/Docker/TimeStretchLab/results/phase9d/blind/male_1/control_01/B.wav,,,,,,,,,,
male_1,control,1,3,/Users/taro252/Docker/TimeStretchLab/results/phase9d/blind/male_1/control_01/A.wav,/Users/taro252/Docker/TimeStretchLab/results/phase9d/blind/male_1/control_01/B.wav,,,,,,,,,,
male_1,control,2,1,/Users/taro252/Docker/TimeStretchLab/results/phase9d/blind/male_1/control_02/A.wav,/Users/taro252/Docker/TimeStretchLab/results/phase9d/blind/male_1/control_02/B.wav,,,,,,,,,,
male_1,control,2,2,/Users/taro252/Docker/TimeStretchLab/results/phase9d/blind/male_1/control_02/A.wav,/Users/taro252/Docker/TimeStretchLab/results/phase9d/blind/male_1/control_02/B.wav,,,,,,,,,,
male_1,control,2,3,/Users/taro252/Docker/TimeStretchLab/results/phase9d/blind/male_1/control_02/A.wav,/Users/taro252/Docker/TimeStretchLab/results/phase9d/blind/male_1/control_02/B.wav,,,,,,,,,,
male_2,high,1,1,/Users/taro252/Docker/TimeStretchLab/results/phase9d/blind/male_2/high_01/A.wav,/Users/taro252/Docker/TimeStretchLab/results/phase9d/blind/male_2/high_01/B.wav,,,,,,,,,,
male_2,high,1,2,/Users/taro252/Docker/TimeStretchLab/results/phase9d/blind/male_2/high_01/A.wav,/Users/taro252/Docker/TimeStretchLab/results/phase9d/blind/male_2/high_01/B.wav,,,,,,,,,,
male_2,high,1,3,/Users/taro252/Docker/TimeStretchLab/results/phase9d/blind/male_2/high_01/A.wav,/Users/taro252/Docker/TimeStretchLab/results/phase9d/blind/male_2/high_01/B.wav,,,,,,,,,,
male_2,high,2,1,/Users/taro252/Docker/TimeStretchLab/results/phase9d/blind/male_2/high_02/A.wav,/Users/taro252/Docker/TimeStretchLab/results/phase9d/blind/male_2/high_02/B.wav,,,,,,,,,,
male_2,high,2,2,/Users/taro252/Docker/TimeStretchLab/results/phase9d/blind/male_2/high_02/A.wav,/Users/taro252/Docker/TimeStretchLab/results/phase9d/blind/male_2/high_02/B.wav,,,,,,,,,,
male_2,high,2,3,/Users/taro252/Docker/TimeStretchLab/results/phase9d/blind/male_2/high_02/A.wav,/Users/taro252/Docker/TimeStretchLab/results/phase9d/blind/male_2/high_02/B.wav,,,,,,,,,,
male_2,high,3,1,/Users/taro252/Docker/TimeStretchLab/results/phase9d/blind/male_2/high_03/A.wav,/Users/taro252/Docker/TimeStretchLab/results/phase9d/blind/male_2/high_03/B.wav,,,,,,,,,,
male_2,high,3,2,/Users/taro252/Docker/TimeStretchLab/results/phase9d/blind/male_2/high_03/A.wav,/Users/taro252/Docker/TimeStretchLab/results/phase9d/blind/male_2/high_03/B.wav,,,,,,,,,,
male_2,high,3,3,/Users/taro252/Docker/TimeStretchLab/results/phase9d/blind/male_2/high_03/A.wav,/Users/taro252/Docker/TimeStretchLab/results/phase9d/blind/male_2/high_03/B.wav,,,,,,,,,,
male_2,high,4,1,/Users/taro252/Docker/TimeStretchLab/results/phase9d/blind/male_2/high_04/A.wav,/Users/taro252/Docker/TimeStretchLab/results/phase9d/blind/male_2/high_04/B.wav,,,,,,,,,,
male_2,high,4,2,/Users/taro252/Docker/TimeStretchLab/results/phase9d/blind/male_2/high_04/A.wav,/Users/taro252/Docker/TimeStretchLab/results/phase9d/blind/male_2/high_04/B.wav,,,,,,,,,,
male_2,high,4,3,/Users/taro252/Docker/TimeStretchLab/results/phase9d/blind/male_2/high_04/A.wav,/Users/taro252/Docker/TimeStretchLab/results/phase9d/blind/male_2/high_04/B.wav,,,,,,,,,,
male_2,high,5,1,/Users/taro252/Docker/TimeStretchLab/results/phase9d/blind/male_2/high_05/A.wav,/Users/taro252/Docker/TimeStretchLab/results/phase9d/blind/male_2/high_05/B.wav,,,,,,,,,,
male_2,high,5,2,/Users/taro252/Docker/TimeStretchLab/results/phase9d/blind/male_2/high_05/A.wav,/Users/taro252/Docker/TimeStretchLab/results/phase9d/blind/male_2/high_05/B.wav,,,,,,,,,,
male_2,high,5,3,/Users/taro252/Docker/TimeStretchLab/results/phase9d/blind/male_2/high_05/A.wav,/Users/taro252/Docker/TimeStretchLab/results/phase9d/blind/male_2/high_05/B.wav,,,,,,,,,,
male_2,control,1,1,/Users/taro252/Docker/TimeStretchLab/results/phase9d/blind/male_2/control_01/A.wav,/Users/taro252/Docker/TimeStretchLab/results/phase9d/blind/male_2/control_01/B.wav,,,,,,,,,,
male_2,control,1,2,/Users/taro252/Docker/TimeStretchLab/results/phase9d/blind/male_2/control_01/A.wav,/Users/taro252/Docker/TimeStretchLab/results/phase9d/blind/male_2/control_01/B.wav,,,,,,,,,,
male_2,control,1,3,/Users/taro252/Docker/TimeStretchLab/results/phase9d/blind/male_2/control_01/A.wav,/Users/taro252/Docker/TimeStretchLab/results/phase9d/blind/male_2/control_01/B.wav,,,,,,,,,,
male_2,control,2,1,/Users/taro252/Docker/TimeStretchLab/results/phase9d/blind/male_2/control_02/A.wav,/Users/taro252/Docker/TimeStretchLab/results/phase9d/blind/male_2/control_02/B.wav,,,,,,,,,,
male_2,control,2,2,/Users/taro252/Docker/TimeStretchLab/results/phase9d/blind/male_2/control_02/A.wav,/Users/taro252/Docker/TimeStretchLab/results/phase9d/blind/male_2/control_02/B.wav,,,,,,,,,,
male_2,control,2,3,/Users/taro252/Docker/TimeStretchLab/results/phase9d/blind/male_2/control_02/A.wav,/Users/taro252/Docker/TimeStretchLab/results/phase9d/blind/male_2/control_02/B.wav,,,,,,,,,,
male_2,control,3,1,/Users/taro252/Docker/TimeStretchLab/results/phase9d/blind/male_2/control_03/A.wav,/Users/taro252/Docker/TimeStretchLab/results/phase9d/blind/male_2/control_03/B.wav,,,,,,,,,,
male_2,control,3,2,/Users/taro252/Docker/TimeStretchLab/results/phase9d/blind/male_2/control_03/A.wav,/Users/taro252/Docker/TimeStretchLab/results/phase9d/blind/male_2/control_03/B.wav,,,,,,,,,,
male_2,control,3,3,/Users/taro252/Docker/TimeStretchLab/results/phase9d/blind/male_2/control_03/A.wav,/Users/taro252/Docker/TimeStretchLab/results/phase9d/blind/male_2/control_03/B.wav,,,,,,,,,,
male_2,control,4,1,/Users/taro252/Docker/TimeStretchLab/results/phase9d/blind/male_2/control_04/A.wav,/Users/taro252/Docker/TimeStretchLab/results/phase9d/blind/male_2/control_04/B.wav,,,,,,,,,,
male_2,control,4,2,/Users/taro252/Docker/TimeStretchLab/results/phase9d/blind/male_2/control_04/A.wav,/Users/taro252/Docker/TimeStretchLab/results/phase9d/blind/male_2/control_04/B.wav,,,,,,,,,,
male_2,control,4,3,/Users/taro252/Docker/TimeStretchLab/results/phase9d/blind/male_2/control_04/A.wav,/Users/taro252/Docker/TimeStretchLab/results/phase9d/blind/male_2/control_04/B.wav,,,,,,,,,,
male_2,control,5,1,/Users/taro252/Docker/TimeStretchLab/results/phase9d/blind/male_2/control_05/A.wav,/Users/taro252/Docker/TimeStretchLab/results/phase9d/blind/male_2/control_05/B.wav,,,,,,,,,,
male_2,control,5,2,/Users/taro252/Docker/TimeStretchLab/results/phase9d/blind/male_2/control_05/A.wav,/Users/taro252/Docker/TimeStretchLab/results/phase9d/blind/male_2/control_05/B.wav,,,,,,,,,,
male_2,control,5,3,/Users/taro252/Docker/TimeStretchLab/results/phase9d/blind/male_2/control_05/A.wav,/Users/taro252/Docker/TimeStretchLab/results/phase9d/blind/male_2/control_05/B.wav,,,,,,,,,,
male_3,high,1,1,/Users/taro252/Docker/TimeStretchLab/results/phase9d/blind/male_3/high_01/A.wav,/Users/taro252/Docker/TimeStretchLab/results/phase9d/blind/male_3/high_01/B.wav,,,,,,,,,,
male_3,high,1,2,/Users/taro252/Docker/TimeStretchLab/results/phase9d/blind/male_3/high_01/A.wav,/Users/taro252/Docker/TimeStretchLab/results/phase9d/blind/male_3/high_01/B.wav,,,,,,,,,,
male_3,high,1,3,/Users/taro252/Docker/TimeStretchLab/results/phase9d/blind/male_3/high_01/A.wav,/Users/taro252/Docker/TimeStretchLab/results/phase9d/blind/male_3/high_01/B.wav,,,,,,,,,,
male_3,high,2,1,/Users/taro252/Docker/TimeStretchLab/results/phase9d/blind/male_3/high_02/A.wav,/Users/taro252/Docker/TimeStretchLab/results/phase9d/blind/male_3/high_02/B.wav,,,,,,,,,,
male_3,high,2,2,/Users/taro252/Docker/TimeStretchLab/results/phase9d/blind/male_3/high_02/A.wav,/Users/taro252/Docker/TimeStretchLab/results/phase9d/blind/male_3/high_02/B.wav,,,,,,,,,,
male_3,high,2,3,/Users/taro252/Docker/TimeStretchLab/results/phase9d/blind/male_3/high_02/A.wav,/Users/taro252/Docker/TimeStretchLab/results/phase9d/blind/male_3/high_02/B.wav,,,,,,,,,,
male_3,high,3,1,/Users/taro252/Docker/TimeStretchLab/results/phase9d/blind/male_3/high_03/A.wav,/Users/taro252/Docker/TimeStretchLab/results/phase9d/blind/male_3/high_03/B.wav,,,,,,,,,,
male_3,high,3,2,/Users/taro252/Docker/TimeStretchLab/results/phase9d/blind/male_3/high_03/A.wav,/Users/taro252/Docker/TimeStretchLab/results/phase9d/blind/male_3/high_03/B.wav,,,,,,,,,,
male_3,high,3,3,/Users/taro252/Docker/TimeStretchLab/results/phase9d/blind/male_3/high_03/A.wav,/Users/taro252/Docker/TimeStretchLab/results/phase9d/blind/male_3/high_03/B.wav,,,,,,,,,,
male_3,high,4,1,/Users/taro252/Docker/TimeStretchLab/results/phase9d/blind/male_3/high_04/A.wav,/Users/taro252/Docker/TimeStretchLab/results/phase9d/blind/male_3/high_04/B.wav,,,,,,,,,,
male_3,high,4,2,/Users/taro252/Docker/TimeStretchLab/results/phase9d/blind/male_3/high_04/A.wav,/Users/taro252/Docker/TimeStretchLab/results/phase9d/blind/male_3/high_04/B.wav,,,,,,,,,,
male_3,high,4,3,/Users/taro252/Docker/TimeStretchLab/results/phase9d/blind/male_3/high_04/A.wav,/Users/taro252/Docker/TimeStretchLab/results/phase9d/blind/male_3/high_04/B.wav,,,,,,,,,,
male_3,high,5,1,/Users/taro252/Docker/TimeStretchLab/results/phase9d/blind/male_3/high_05/A.wav,/Users/taro252/Docker/TimeStretchLab/results/phase9d/blind/male_3/high_05/B.wav,,,,,,,,,,
male_3,high,5,2,/Users/taro252/Docker/TimeStretchLab/results/phase9d/blind/male_3/high_05/A.wav,/Users/taro252/Docker/TimeStretchLab/results/phase9d/blind/male_3/high_05/B.wav,,,,,,,,,,
male_3,high,5,3,/Users/taro252/Docker/TimeStretchLab/results/phase9d/blind/male_3/high_05/A.wav,/Users/taro252/Docker/TimeStretchLab/results/phase9d/blind/male_3/high_05/B.wav,,,,,,,,,,
male_3,control,1,1,/Users/taro252/Docker/TimeStretchLab/results/phase9d/blind/male_3/control_01/A.wav,/Users/taro252/Docker/TimeStretchLab/results/phase9d/blind/male_3/control_01/B.wav,,,,,,,,,,
male_3,control,1,2,/Users/taro252/Docker/TimeStretchLab/results/phase9d/blind/male_3/control_01/A.wav,/Users/taro252/Docker/TimeStretchLab/results/phase9d/blind/male_3/control_01/B.wav,,,,,,,,,,
male_3,control,1,3,/Users/taro252/Docker/TimeStretchLab/results/phase9d/blind/male_3/control_01/A.wav,/Users/taro252/Docker/TimeStretchLab/results/phase9d/blind/male_3/control_01/B.wav,,,,,,,,,,
male_3,control,2,1,/Users/taro252/Docker/TimeStretchLab/results/phase9d/blind/male_3/control_02/A.wav,/Users/taro252/Docker/TimeStretchLab/results/phase9d/blind/male_3/control_02/B.wav,,,,,,,,,,
male_3,control,2,2,/Users/taro252/Docker/TimeStretchLab/results/phase9d/blind/male_3/control_02/A.wav,/Users/taro252/Docker/TimeStretchLab/results/phase9d/blind/male_3/control_02/B.wav,,,,,,,,,,
male_3,control,2,3,/Users/taro252/Docker/TimeStretchLab/results/phase9d/blind/male_3/control_02/A.wav,/Users/taro252/Docker/TimeStretchLab/results/phase9d/blind/male_3/control_02/B.wav,,,,,,,,,,
male_3,control,3,1,/Users/taro252/Docker/TimeStretchLab/results/phase9d/blind/male_3/control_03/A.wav,/Users/taro252/Docker/TimeStretchLab/results/phase9d/blind/male_3/control_03/B.wav,,,,,,,,,,
male_3,control,3,2,/Users/taro252/Docker/TimeStretchLab/results/phase9d/blind/male_3/control_03/A.wav,/Users/taro252/Docker/TimeStretchLab/results/phase9d/blind/male_3/control_03/B.wav,,,,,,,,,,
male_3,control,3,3,/Users/taro252/Docker/TimeStretchLab/results/phase9d/blind/male_3/control_03/A.wav,/Users/taro252/Docker/TimeStretchLab/results/phase9d/blind/male_3/control_03/B.wav,,,,,,,,,,
male_3,control,4,1,/Users/taro252/Docker/TimeStretchLab/results/phase9d/blind/male_3/control_04/A.wav,/Users/taro252/Docker/TimeStretchLab/results/phase9d/blind/male_3/control_04/B.wav,,,,,,,,,,
male_3,control,4,2,/Users/taro252/Docker/TimeStretchLab/results/phase9d/blind/male_3/control_04/A.wav,/Users/taro252/Docker/TimeStretchLab/results/phase9d/blind/male_3/control_04/B.wav,,,,,,,,,,
male_3,control,4,3,/Users/taro252/Docker/TimeStretchLab/results/phase9d/blind/male_3/control_04/A.wav,/Users/taro252/Docker/TimeStretchLab/results/phase9d/blind/male_3/control_04/B.wav,,,,,,,,,,
male_3,control,5,1,/Users/taro252/Docker/TimeStretchLab/results/phase9d/blind/male_3/control_05/A.wav,/Users/taro252/Docker/TimeStretchLab/results/phase9d/blind/male_3/control_05/B.wav,,,,,,,,,,
male_3,control,5,2,/Users/taro252/Docker/TimeStretchLab/results/phase9d/blind/male_3/control_05/A.wav,/Users/taro252/Docker/TimeStretchLab/results/phase9d/blind/male_3/control_05/B.wav,,,,,,,,,,
male_3,control,5,3,/Users/taro252/Docker/TimeStretchLab/results/phase9d/blind/male_3/control_05/A.wav,/Users/taro252/Docker/TimeStretchLab/results/phase9d/blind/male_3/control_05/B.wav,,,,,,,,,,
