name,scope,windows,metric,pearson_churn,spearman_churn,high_median,control_median
female_1,all,398,phase9c_harmonic_magnitude_variation_db,0.3798416169454678,0.436706479797388,2.857034306745822,2.203992844730016
female_1,all,398,phase9c_spectral_envelope_variation,0.014600602692466493,0.022106754315346096,0.19046520654822968,0.20604604766837312
female_1,all,398,harmonic_variation_delta_db,0.08402889288317934,0.03942927795225049,-0.06725201391320734,0.38665625424717354
female_1,all,398,envelope_variation_delta,-0.005343348947738283,-0.05317087625875533,-0.015861730381491967,0.014751817283086138
female_1,voiced,254,phase9c_harmonic_magnitude_variation_db,0.31663896377735273,0.39795661416254796,2.857034306745822,2.203992844730016
female_1,voiced,254,phase9c_spectral_envelope_variation,0.08755910637564267,0.1481563581142146,0.19046520654822968,0.20604604766837312
female_1,voiced,254,harmonic_variation_delta_db,-0.004605592659460324,-0.04039357102617855,-0.06725201391320734,0.38665625424717354
female_1,voiced,254,envelope_variation_delta,-0.06896725327975911,-0.06591536829318792,-0.015861730381491967,0.014751817283086138
female_2,all,398,phase9c_harmonic_magnitude_variation_db,0.3471421190229181,0.38552567277483285,2.2536506725661583,1.1190811282672302
female_2,all,398,phase9c_spectral_envelope_variation,0.13733593015078613,0.1201555969383197,0.1880678624894425,0.16460619326677786
female_2,all,398,harmonic_variation_delta_db,-0.018388632372682272,0.04295021656607412,0.1764780885555015,0.31226896010748884
female_2,all,398,envelope_variation_delta,-0.15256296575142592,-0.16715928104093924,0.03557855075963748,0.022035345016848507
female_2,voiced,239,phase9c_harmonic_magnitude_variation_db,0.2516438026700187,0.24318703564880959,2.2536506725661583,1.1190811282672302
female_2,voiced,239,phase9c_spectral_envelope_variation,0.21854580696139522,0.1875824283904772,0.1880678624894425,0.16460619326677786
female_2,voiced,239,harmonic_variation_delta_db,-0.07583082286982074,0.006185091069197393,0.1764780885555015,0.31226896010748884
female_2,voiced,239,envelope_variation_delta,-0.18031547457154642,-0.1442286611787096,0.03557855075963748,0.022035345016848507
female_3,all,398,phase9c_harmonic_magnitude_variation_db,0.46346681007392054,0.5158890285307138,3.033738864354305,1.380092991556809
female_3,all,398,phase9c_spectral_envelope_variation,0.15681094269486542,0.21596874060396898,0.20329097920442618,0.1671246729747466
female_3,all,398,harmonic_variation_delta_db,-0.01166957775217504,0.02041804425161934,0.35875402193497496,0.526157150750011
female_3,all,398,envelope_variation_delta,-0.08643696131326033,-0.07278149828352577,0.004679963845339502,0.003060817426172119
female_3,voiced,394,phase9c_harmonic_magnitude_variation_db,0.4601290836069794,0.5122713015029536,3.033738864354305,1.380092991556809
female_3,voiced,394,phase9c_spectral_envelope_variation,0.1581755803176772,0.21604590348605576,0.20329097920442618,0.1671246729747466
female_3,voiced,394,harmonic_variation_delta_db,-0.0015606962945261167,0.03587922363188833,0.35875402193497496,0.526157150750011
female_3,voiced,394,envelope_variation_delta,-0.08107773234317778,-0.06677598610797998,0.004679963845339502,0.003060817426172119
male_1,all,398,phase9c_harmonic_magnitude_variation_db,0.15445794085490133,0.2205219059737342,2.7066822799494203,1.8772755229155027
male_1,all,398,phase9c_spectral_envelope_variation,0.054233704973704215,0.09527998370840125,0.15830803908024177,0.17739798694672226
male_1,all,398,harmonic_variation_delta_db,0.09157452422625212,0.04248007334495955,0.23586425869478433,-0.02262640829738105
male_1,all,398,envelope_variation_delta,0.023217465284324636,-0.0360034715241165,0.006305074633752836,0.017103029624512947
male_1,voiced,76,phase9c_harmonic_magnitude_variation_db,0.14055819946677856,0.14102711847018956,2.7066822799494203,1.8772755229155027
male_1,voiced,76,phase9c_spectral_envelope_variation,0.06121551650877655,0.08465192554613771,0.15830803908024177,0.17739798694672226
male_1,voiced,76,harmonic_variation_delta_db,-0.14569931941720599,-0.08269093002481943,0.23586425869478433,-0.02262640829738105
male_1,voiced,76,envelope_variation_delta,0.01477157811669652,0.08149787680555587,0.006305074633752836,0.017103029624512947
male_2,all,398,phase9c_harmonic_magnitude_variation_db,0.26054879350260496,0.29890101002429614,3.0232956461373615,1.8358305295723902
male_2,all,398,phase9c_spectral_envelope_variation,0.19431303297501806,0.19367139175928286,0.19094164523873872,0.1758329773371671
male_2,all,398,harmonic_variation_delta_db,-0.05116741198979655,-0.012093150964785894,-0.14292064214987166,-0.18907506022215603
male_2,all,398,envelope_variation_delta,-0.12826461732627162,-0.1583674546972464,-0.010220081344962967,0.018917246090432938
male_2,voiced,325,phase9c_harmonic_magnitude_variation_db,0.36152526312459493,0.36652695662639023,3.0232956461373615,1.8358305295723902
male_2,voiced,325,phase9c_spectral_envelope_variation,0.34466712448065845,0.31799858743904363,0.19094164523873872,0.1758329773371671
male_2,voiced,325,harmonic_variation_delta_db,-0.15168584694606,-0.08709902426720918,-0.14292064214987166,-0.18907506022215603
male_2,voiced,325,envelope_variation_delta,-0.2269785343777138,-0.22719389380710234,-0.010220081344962967,0.018917246090432938
male_3,all,398,phase9c_harmonic_magnitude_variation_db,0.061411746735139425,0.10419084491200026,2.011576086881613,2.157283105594264
male_3,all,398,phase9c_spectral_envelope_variation,0.14733011757632417,0.0969494098659977,0.16598447885174455,0.16993537752604143
male_3,all,398,harmonic_variation_delta_db,-0.04130171991340714,-0.02873244099586568,0.39106320006535333,0.42115426776636644
male_3,all,398,envelope_variation_delta,-0.05552838516698906,0.023827242073597512,0.0165640853789579,0.015304752894275048
male_3,voiced,388,phase9c_harmonic_magnitude_variation_db,0.07292309166512201,0.11273275978406108,2.011576086881613,2.157283105594264
male_3,voiced,388,phase9c_spectral_envelope_variation,0.14354671332828595,0.08718793707261023,0.16598447885174455,0.16993537752604143
male_3,voiced,388,harmonic_variation_delta_db,-0.028094091900781094,-0.014337948152304908,0.39106320006535333,0.42115426776636644
male_3,voiced,388,envelope_variation_delta,-0.06012164626793137,0.0222301075322194,0.0165640853789579,0.015304752894275048
