relative_path,size_bytes,sha256
PHASE12_ARTIFACT_CUSTODY.md,6180,efcbdfcb885f74b500f1261cffb3291ab8b3f9f7651d7a90608d12e3dfcc4fda
PHASE12_QUALITY_BASELINE.md,6606,d9d06e20fb43e40b1b2e8013b4a66de7f7a098268d06b59cca27c9d3d9e09e53
PHASE12_REALTIME_PLAN.md,19418,d7f19b3cc257a9a101870f42b1ef22c3a092e7df22b9583400154042c016cf2d
results/phase101/artificial/click_train_input.wav,1920044,db388ff9d0ef13ac62393fa3151334e883e3b9b360bb26b424cda47e3f619907
results/phase101/real/drums_input.wav,3840130,9c73c02302497a738e20ca3d68231b2e20967f5ba40a164e1393479f2b71f928
results/phase101/real/guitar_input.wav,3840092,21a0ae089ef4a1ddc9df1ae1d5e8b7591291dcf6017442fe68efa1dd327ae396
results/phase12/golden/.DS_Store,6148,5d2f1de9e0c6aaf81fd6b19ac5777a05094ec8eeaa67c137a95af463ee712390
results/phase12/golden/REPORT.md,5683,eb2c0b2ebe4983bd7218e32746625de526ef1beba5c2bfa86fe40719d4e39f99
results/phase12/golden/anchor_click_050.wav,7680044,ecfab5e1382b2187cadb68307231f5eb4377c0736d73b325c69d23167ab32e09
results/phase12/golden/anchor_diagnostic.json,622,0f7d306e8c848c743777c4b3965194d5c23bfef225a8cf609f93e792d2c6608c
results/phase12/golden/audition/bass_050.wav,34560092,fec48ee7c808a262a8565025e5145595f82a52611b4c87b4554028ae9c57d6f8
results/phase12/golden/audition/bass_075.wav,23040092,5992fdb01889e068f7fed3d00c8f0ab1d6dd38a48bbdfba96822eec9343500d5
results/phase12/golden/audition/bass_100.wav,17280092,5fb6c306ee3e1da664c232ff4ba1f0ba622bb539695dd0c2ab65ec152f984c10
results/phase12/golden/audition/drums_050.wav,7680092,2a6f57e5238945039ad85f767f8e2063c002e8eb2db53b2003c8e76e725f314e
results/phase12/golden/audition/drums_075.wav,5120092,eda441c5ac89a0695211f621cf80185644e7b4d0d9ad0d425798179f9f3c4d27
results/phase12/golden/audition/drums_100.wav,3840092,86eead2e8878634b8e6b6b768970e18b7c28bd61514c35d42f0f7f7c8e9aa117
results/phase12/golden/audition/guitar_050.wav,7680092,8f9f70f8092305b8741a672c3f830cb50883b2d912425c13ad09ca3bf701418d
results/phase12/golden/audition/guitar_075.wav,5120092,e2785c8401fe4bb0b7978715ce1da16546cd3317b5642fe2a2fd58366ebf698e
results/phase12/golden/audition/guitar_100.wav,3840092,a476f3aed751a67a01f772eddfd84e78c51587d442d5d59d6986a9a379cd5186
results/phase12/golden/audition/mix_050.wav,31752092,eea2fd9b7b6658b0e35639e3c8078d0f2c7aa533addad722ba7a75104c14043d
results/phase12/golden/audition/mix_075.wav,21168092,7ac336b5a71c4b015a8834ae8ad6d21c9b5230e3eed070df8c8a02d25091a512
results/phase12/golden/audition/mix_100.wav,15876092,6ff1bfeabb42d7260d997f82132d9b52c98d4a0ad41efef41d167eb50cbe8d81
results/phase12/golden/audition/vocal_050.wav,34560092,4a21c5864da849bd8bdf406e53c93d57cf86cbbd93bea8370eb9eeac69a0bf3a
results/phase12/golden/audition/vocal_075.wav,23040092,dbcecd2cb95cf89bf464c6d7090401ba06931db383366dc2ef7e88c03f6a5936
results/phase12/golden/audition/vocal_100.wav,17280092,1506849bf4a8bf599ddf2f6b1792a4a759f23ccff50a3cd867c7026eac06ad51
results/phase12/golden/audition_manifest.csv,4077,fe56467254b8d5656196e93be6bd0b331f80addc8be7fbe5747caf29feb7467c
results/phase12/golden/baseline.json,1914,f5907f319d5a3d0939ca31bd575a478b5312724a9dc99e41beed9049fc64eb0b
results/phase12/golden/input/bass.wav,17280130,1405fb3051c0efdcd09baa385906af0e317a460493de9f087359f210953afb58
results/phase12/golden/input/drums.wav,3840130,9c73c02302497a738e20ca3d68231b2e20967f5ba40a164e1393479f2b71f928
results/phase12/golden/input/guitar.wav,3840092,21a0ae089ef4a1ddc9df1ae1d5e8b7591291dcf6017442fe68efa1dd327ae396
results/phase12/golden/input/mix.wav,15876190,6cf7cd9ca5dd7206ca8157e610da2ef870ef48625da6b1cfea38763fd2dff157
results/phase12/golden/input/vocal.wav,17280130,78278018c95785ca68cf126c30b1e4f76dc24bd25cd35f35785daf14a5e3137b
results/phase12/golden/manifest.csv,5786,a767c8cf262810ce8573254615c922c7b6f1b31644afda2e759544ddb79a4013
results/phase12/golden/raw/bass_050.wav,34560044,70ba7adafe873aecbb76c3563b74a0fe99198a9587c5786de9f4f655e2a39bc8
results/phase12/golden/raw/bass_075.wav,23040044,10558461001d1e71732fd84334f37e59e37a0c9ba2d1c80d0267ccd69f82b04f
results/phase12/golden/raw/bass_100.wav,17280044,382955b5e0a3305b5a6f4de609fb38fbdf2834fd95511e2b46498d89b27f2273
results/phase12/golden/raw/drums_050.wav,7680044,7cd350cee36ad5a6b9791074e0ee4fe50cba271bb20466339e2f451b3de2c663
results/phase12/golden/raw/drums_075.wav,5120044,bfa18f2ab42df3dbeeb445dc02bcad02604eff475f2d918212f204bb96e086ac
results/phase12/golden/raw/drums_100.wav,3840044,d77f30cdc1b889227b7f3492791ca510be3ad3514aa7dc38be5f4f2d77297008
results/phase12/golden/raw/guitar_050.wav,7680044,871653d181b5b2124e233bc6258ae005ab75215786072435356abdab68628466
results/phase12/golden/raw/guitar_075.wav,5120044,0052694fab45da49eea0afbd8e1852dc801f484b96dcefcd7c52d04e949e3619
results/phase12/golden/raw/guitar_100.wav,3840044,3da0902bd133bfe71c61650cae3e3f7ba0864bd0deb375387a36b3b38ec2f87a
results/phase12/golden/raw/mix_050.wav,31752044,a729f3764c7a387262ec2c139a1d9bb0ff1a9669fe817ddd837545a9847e01f1
results/phase12/golden/raw/mix_075.wav,21168044,ef1ed78c06dff4d7040afe0ed6516ae7e718503d7e5923e6f9e635d4d6149aec
results/phase12/golden/raw/mix_100.wav,15876044,50b6e4edae59c2a430c64cb26567b84bfa9c1781299023d96ed92613797e2915
results/phase12/golden/raw/vocal_050.wav,34560044,44c33a2e1edbc879cdb533d90bb572aefacf735d0a39ea43cb85e048de0e0e1a
results/phase12/golden/raw/vocal_075.wav,23040044,109816b81df96523ffb6b351d34258708b08d9cb4d97bb82ae5db8891fe18512
results/phase12/golden/raw/vocal_100.wav,17280044,56ad66b7a5be50c4f0e59b9f23e3eb0a56281324d72e29aa7f3f73144185e2dc
results/phase53/real/bass_input.wav,17280130,1405fb3051c0efdcd09baa385906af0e317a460493de9f087359f210953afb58
results/phase53/real/female_input.wav,17280130,78278018c95785ca68cf126c30b1e4f76dc24bd25cd35f35785daf14a5e3137b
results/phase53/real/mix_input.wav,15876190,6cf7cd9ca5dd7206ca8157e610da2ef870ef48625da6b1cfea38763fd2dff157
scripts/phase12_anchor_diagnostic.py,2369,c54781a1e5b2d9c7706317f10e525f26b4bb499ea5f6ff7183bb1fbc15c7f0c9
scripts/phase12_audition.py,3188,66f49707d4240e030903aca05b53000799e29a4968cfc0701238f6baffc147c0
scripts/phase12_golden.py,5919,8e88b7ad4deb0f9209b6fa2b4e5c60856874ebd9b8af4758424a4f4899eff4fb
