section,speed,input,phase53,wsola,diagnostics,outputFrames,grains,avgAbsOffset,p95AbsOffset,avgCorrelation,p10Correlation,processingSeconds,peakRSSBytes
female_1,0.75,/Users/taro252/Docker/TimeStretchLab/results/phase7/female_1_input.wav,/Users/taro252/Docker/TimeStretchLab/results/phase7/female_1_075_off.wav,/Users/taro252/Docker/TimeStretchLab/results/phase8a/female_1_075_wsola.wav,/Users/taro252/Docker/TimeStretchLab/results/phase8a/diagnostics/female_1_075.csv,640000,1252,332.962,512,0.93548,0.800583,0.0862696,28672000
female_1,0.5,/Users/taro252/Docker/TimeStretchLab/results/phase7/female_1_input.wav,/Users/taro252/Docker/TimeStretchLab/results/phase7/female_1_050_off.wav,/Users/taro252/Docker/TimeStretchLab/results/phase8a/female_1_050_wsola.wav,/Users/taro252/Docker/TimeStretchLab/results/phase8a/diagnostics/female_1_050.csv,960000,1877,328.588,510,0.901799,0.684054,0.130012,35110912
female_2,0.75,/Users/taro252/Docker/TimeStretchLab/results/phase7/female_2_input.wav,/Users/taro252/Docker/TimeStretchLab/results/phase7/female_2_075_off.wav,/Users/taro252/Docker/TimeStretchLab/results/phase8a/female_2_075_wsola.wav,/Users/taro252/Docker/TimeStretchLab/results/phase8a/diagnostics/female_2_075.csv,640000,1252,313.786,502,0.90519,0.70159,0.0833087,28672000
female_2,0.5,/Users/taro252/Docker/TimeStretchLab/results/phase7/female_2_input.wav,/Users/taro252/Docker/TimeStretchLab/results/phase7/female_2_050_off.wav,/Users/taro252/Docker/TimeStretchLab/results/phase8a/female_2_050_wsola.wav,/Users/taro252/Docker/TimeStretchLab/results/phase8a/diagnostics/female_2_050.csv,960000,1877,313.176,507,0.852109,0.622045,0.126449,35110912
female_3,0.75,/Users/taro252/Docker/TimeStretchLab/results/phase7/female_3_input.wav,/Users/taro252/Docker/TimeStretchLab/results/phase7/female_3_075_off.wav,/Users/taro252/Docker/TimeStretchLab/results/phase8a/female_3_075_wsola.wav,/Users/taro252/Docker/TimeStretchLab/results/phase8a/diagnostics/female_3_075.csv,640000,1252,296.567,497,0.923406,0.74176,0.0844102,28672000
female_3,0.5,/Users/taro252/Docker/TimeStretchLab/results/phase7/female_3_input.wav,/Users/taro252/Docker/TimeStretchLab/results/phase7/female_3_050_off.wav,/Users/taro252/Docker/TimeStretchLab/results/phase8a/female_3_050_wsola.wav,/Users/taro252/Docker/TimeStretchLab/results/phase8a/diagnostics/female_3_050.csv,960000,1877,307.338,502,0.858963,0.585089,0.123103,35110912
male_1,0.75,/Users/taro252/Docker/TimeStretchLab/results/phase7/male_1_input.wav,/Users/taro252/Docker/TimeStretchLab/results/phase7/male_1_075_off.wav,/Users/taro252/Docker/TimeStretchLab/results/phase8a/male_1_075_wsola.wav,/Users/taro252/Docker/TimeStretchLab/results/phase8a/diagnostics/male_1_075.csv,640000,1252,289.527,509,0.93338,0.767767,0.0850829,28672000
male_1,0.5,/Users/taro252/Docker/TimeStretchLab/results/phase7/male_1_input.wav,/Users/taro252/Docker/TimeStretchLab/results/phase7/male_1_050_off.wav,/Users/taro252/Docker/TimeStretchLab/results/phase8a/male_1_050_wsola.wav,/Users/taro252/Docker/TimeStretchLab/results/phase8a/diagnostics/male_1_050.csv,960000,1877,285.265,509,0.890013,0.741632,0.117877,35110912
male_2,0.75,/Users/taro252/Docker/TimeStretchLab/results/phase7/male_2_input.wav,/Users/taro252/Docker/TimeStretchLab/results/phase7/male_2_075_off.wav,/Users/taro252/Docker/TimeStretchLab/results/phase8a/male_2_075_wsola.wav,/Users/taro252/Docker/TimeStretchLab/results/phase8a/diagnostics/male_2_075.csv,640000,1252,305.364,507,0.964173,0.903334,0.077683,28672000
male_2,0.5,/Users/taro252/Docker/TimeStretchLab/results/phase7/male_2_input.wav,/Users/taro252/Docker/TimeStretchLab/results/phase7/male_2_050_off.wav,/Users/taro252/Docker/TimeStretchLab/results/phase8a/male_2_050_wsola.wav,/Users/taro252/Docker/TimeStretchLab/results/phase8a/diagnostics/male_2_050.csv,960000,1877,313.608,506,0.93742,0.798927,0.114888,35110912
male_3,0.75,/Users/taro252/Docker/TimeStretchLab/results/phase7/male_3_input.wav,/Users/taro252/Docker/TimeStretchLab/results/phase7/male_3_075_off.wav,/Users/taro252/Docker/TimeStretchLab/results/phase8a/male_3_075_wsola.wav,/Users/taro252/Docker/TimeStretchLab/results/phase8a/diagnostics/male_3_075.csv,640000,1252,249.2,493,0.950909,0.810272,0.0773691,28672000
male_3,0.5,/Users/taro252/Docker/TimeStretchLab/results/phase7/male_3_input.wav,/Users/taro252/Docker/TimeStretchLab/results/phase7/male_3_050_off.wav,/Users/taro252/Docker/TimeStretchLab/results/phase8a/male_3_050_wsola.wav,/Users/taro252/Docker/TimeStretchLab/results/phase8a/diagnostics/male_3_050.csv,960000,1877,246.617,488,0.910948,0.72296,0.121049,35110912
vibrato,0.75,/Users/taro252/Docker/TimeStretchLab/results/phase7/artificial/vibrato_input.wav,/Users/taro252/Docker/TimeStretchLab/results/phase7/artificial/vibrato_075_off.wav,/Users/taro252/Docker/TimeStretchLab/results/phase8a/vibrato_075_wsola.wav,/Users/taro252/Docker/TimeStretchLab/results/phase8a/diagnostics/vibrato_075.csv,384000,752,256.137,495,0.999263,0.99804,0.0481991,21069824
vibrato,0.5,/Users/taro252/Docker/TimeStretchLab/results/phase7/artificial/vibrato_input.wav,/Users/taro252/Docker/TimeStretchLab/results/phase7/artificial/vibrato_050_off.wav,/Users/taro252/Docker/TimeStretchLab/results/phase8a/vibrato_050_wsola.wav,/Users/taro252/Docker/TimeStretchLab/results/phase8a/diagnostics/vibrato_050.csv,576000,1127,255.224,480,0.998488,0.994838,0.0682499,23494656
vowel,0.75,/Users/taro252/Docker/TimeStretchLab/results/phase7/artificial/vowel_input.wav,/Users/taro252/Docker/TimeStretchLab/results/phase7/artificial/vowel_075_off.wav,/Users/taro252/Docker/TimeStretchLab/results/phase8a/vowel_075_wsola.wav,/Users/taro252/Docker/TimeStretchLab/results/phase8a/diagnostics/vowel_075.csv,384000,752,296.663,506,0.997874,0.995999,0.0488955,21069824
vowel,0.5,/Users/taro252/Docker/TimeStretchLab/results/phase7/artificial/vowel_input.wav,/Users/taro252/Docker/TimeStretchLab/results/phase7/artificial/vowel_050_off.wav,/Users/taro252/Docker/TimeStretchLab/results/phase8a/vowel_050_wsola.wav,/Users/taro252/Docker/TimeStretchLab/results/phase8a/diagnostics/vowel_050.csv,576000,1127,299.777,495,0.997478,0.994579,0.0697215,23494656
mix_short,0.75,/Users/taro252/Docker/TimeStretchLab/results/phase8a/mix_short_input.wav,/Users/taro252/Docker/TimeStretchLab/results/phase8a/mix_short_075_off.wav,/Users/taro252/Docker/TimeStretchLab/results/phase8a/mix_short_075_wsola.wav,/Users/taro252/Docker/TimeStretchLab/results/phase8a/diagnostics/mix_short_075.csv,882000,1725,269.405,511,0.898623,0.591923,0.106111,37158912
mix_short,0.5,/Users/taro252/Docker/TimeStretchLab/results/phase8a/mix_short_input.wav,/Users/taro252/Docker/TimeStretchLab/results/phase8a/mix_short_050_off.wav,/Users/taro252/Docker/TimeStretchLab/results/phase8a/mix_short_050_wsola.wav,/Users/taro252/Docker/TimeStretchLab/results/phase8a/diagnostics/mix_short_050.csv,1323000,2586,268.318,509,0.827339,0.473324,0.176301,46104576
drums_1,0.75,/Users/taro252/Docker/TimeStretchLab/results/phase7/drums_1_input.wav,/Users/taro252/Docker/TimeStretchLab/results/phase7/drums_1_075_off.wav,/Users/taro252/Docker/TimeStretchLab/results/phase8a/drums_1_075_wsola.wav,/Users/taro252/Docker/TimeStretchLab/results/phase8a/diagnostics/drums_1_075.csv,1280000,2502,289.411,512,0.812999,0.317143,0.176989,51281920
drums_1,0.5,/Users/taro252/Docker/TimeStretchLab/results/phase7/drums_1_input.wav,/Users/taro252/Docker/TimeStretchLab/results/phase7/drums_1_050_off.wav,/Users/taro252/Docker/TimeStretchLab/results/phase8a/drums_1_050_wsola.wav,/Users/taro252/Docker/TimeStretchLab/results/phase8a/diagnostics/drums_1_050.csv,1920000,3752,283.094,511,0.709686,0.244765,0.235739,64110592
