name,speed,mode,frames,rms,peak,finite,side_mid,lr_correlation
impulse,0.75,phase53,640000,0.00152278117622797,0.9041188955307007,1,0.0,1.0
impulse,0.75,linear,640000,0.001548777111448727,0.3607049882411957,1,0.0,1.0
impulse,0.75,transient,640000,0.0014979830752938,0.9042145013809204,1,0.0,1.0
impulse,0.5,phase53,960000,0.001259032487465506,0.9132457971572876,1,0.0,1.0
impulse,0.5,linear,960000,0.0015080036587690393,0.3882242739200592,1,0.0,1.0
impulse,0.5,transient,960000,0.0012066049685590173,0.9134970903396606,1,0.0,1.0
click_train,0.75,phase53,640000,0.004684785041305424,0.8682347536087036,1,0.0,1.0
click_train,0.75,linear,640000,0.004701233886957766,0.6990532875061035,1,0.0,1.0
click_train,0.75,transient,640000,0.004553241265254943,0.854837954044342,1,0.0,1.0
click_train,0.5,phase53,960000,0.0038706213638841727,0.8691648244857788,1,0.0,1.0
click_train,0.5,linear,960000,0.004911928110577716,0.44597327709198,1,0.0,1.0
click_train,0.5,transient,960000,0.0033190871144540826,0.8607158064842224,1,0.0,1.0
artificial_drum,0.75,phase53,640000,0.05542505400093115,0.5270752310752869,1,2.992974251502418e-08,0.9999999999999343
artificial_drum,0.75,linear,640000,0.05718457270892537,0.5298953056335449,1,7.064332112991853e-08,0.999999999999989
artificial_drum,0.75,transient,640000,0.05124811260713802,0.5495165586471558,1,2.772696331255596e-08,0.9999999999999347
artificial_drum,0.5,phase53,960000,0.04932237793262249,0.5079027414321899,1,3.405188402810231e-08,0.9999999999999133
artificial_drum,0.5,linear,960000,0.057331399530948624,0.5622708797454834,1,7.964615911800623e-08,0.9999999999999903
artificial_drum,0.5,transient,960000,0.04267708016828634,0.5420750379562378,1,3.4635205749421924e-08,1.0
short_noise_burst,0.75,phase53,640000,0.01582422079185768,0.48989635705947876,1,4.433834390993825e-08,0.9999999999998731
short_noise_burst,0.75,linear,640000,0.016810012629524626,0.8333108425140381,1,5.769905247472933e-08,0.9999999999998873
short_noise_burst,0.75,transient,640000,0.015684913654673283,0.43964841961860657,1,4.1864937612574374e-08,0.9999999999999958
short_noise_burst,0.5,phase53,960000,0.013271448245378339,0.6081766486167908,1,4.705685775610102e-08,0.9999999999999964
short_noise_burst,0.5,linear,960000,0.016499200277251717,0.9240853786468506,1,6.355728277917826e-08,0.9999999999995406
short_noise_burst,0.5,transient,960000,0.012992520538085101,0.5610455274581909,1,4.2436876573560775e-08,0.9999999999999968
decaying_noise,0.75,phase53,640000,0.025229341076978454,0.5575492978096008,1,5.43750140622645e-08,0.9999999999999908
decaying_noise,0.75,linear,640000,0.02650026928465534,0.7923815250396729,1,6.002064228789999e-08,0.999999999999994
decaying_noise,0.75,transient,640000,0.024966099279035155,0.5579860806465149,1,5.4447479427004974e-08,0.9999999999999929
decaying_noise,0.5,phase53,960000,0.02287809511597755,0.5504531264305115,1,6.07189226225902e-08,0.9999999999999934
decaying_noise,0.5,linear,960000,0.026179501329519617,0.8757903575897217,1,6.744122777702393e-08,0.9999999999999878
decaying_noise,0.5,transient,960000,0.022243443958762172,0.5517593622207642,1,6.094806032165252e-08,0.9999999999999908
bass,0.75,phase53,640000,0.11576482169510717,0.8224397301673889,1,0.1084477033656131,0.9969336870167742
bass,0.75,linear,640000,0.11768887571488874,0.724536120891571,1,0.11924907254057955,0.9920194782022993
bass,0.75,transient,640000,0.1153413941595712,0.7891567945480347,1,0.10978094484711529,0.9963216521755581
bass,0.5,phase53,960000,0.1143680910439575,0.7973571419715881,1,0.11169525730741751,0.99565655593505
bass,0.5,linear,960000,0.11693505447563038,0.8531350493431091,1,0.15276981200653617,0.9740805468464627
bass,0.5,transient,960000,0.11613027702346324,0.8986108303070068,1,0.11564177926116101,0.9935750123735986
mix,0.75,phase53,588000,0.20577173433387363,1.1113518476486206,1,0.1845559561897403,0.9341891772662743
mix,0.75,linear,588000,0.21204228638865877,1.5934040546417236,1,0.2511524649015453,0.8813959497694633
mix,0.75,transient,588000,0.2000758759722351,1.287832260131836,1,0.1872922525201924,0.9323651030401171
mix,0.5,phase53,882000,0.2006083447838039,1.458592414855957,1,0.22208502399369415,0.9061781944588079
mix,0.5,linear,882000,0.2102438297659795,1.6412357091903687,1,0.3473066248493781,0.7847849008978092
mix,0.5,transient,882000,0.20828046489854518,1.8518710136413574,1,0.2343421429516908,0.8959562904229631
drums,0.75,phase53,640000,0.11439435151090359,1.0259555578231812,1,0.15083790330062657,0.9652864878876737
drums,0.75,linear,640000,0.12093543549217545,1.4142863750457764,1,0.5699673510433918,0.514370928185612
drums,0.75,transient,640000,0.10607112876709945,1.4303781986236572,1,0.12268909410263294,0.9798110253298444
drums,0.5,phase53,960000,0.10445741964383505,1.0363962650299072,1,0.15578061354666517,0.9622539002472975
drums,0.5,linear,960000,0.11856245837711067,1.4147158861160278,1,0.7737617850003233,0.25354148662932113
drums,0.5,transient,960000,0.11608213183084322,1.8908027410507202,1,0.19258959120078595,0.9361509279587928
guitar,0.75,phase53,640000,0.12246941370407746,0.9338937997817993,1,0.2741362481684658,0.8750287858693954
guitar,0.75,linear,640000,0.11939552206280958,0.7382405996322632,1,0.2910766145149373,0.8586619618147078
guitar,0.75,transient,640000,0.11272005370531916,0.866672694683075,1,0.2931198456021933,0.8541225225712279
guitar,0.5,phase53,960000,0.12252990670402727,0.8613864183425903,1,0.27999269809342536,0.8696469021348023
guitar,0.5,linear,960000,0.11926918706231557,0.8011658191680908,1,0.30443730730345564,0.8445946120209991
guitar,0.5,transient,960000,0.11256336250760432,0.9582696557044983,1,0.321371890749099,0.8236599084741779
female_vocal,0.75,phase53,640000,0.13047976416127394,0.8065376281738281,1,nan,nan
female_vocal,0.75,linear,640000,0.1314107595847547,0.8939647674560547,1,nan,nan
female_vocal,0.75,transient,640000,0.13034669240777463,0.8037479519844055,1,nan,nan
female_vocal,0.5,phase53,960000,0.13025796802766496,0.7287055850028992,1,nan,nan
female_vocal,0.5,linear,960000,0.13075919005136274,0.7714101076126099,1,nan,nan
female_vocal,0.5,transient,960000,0.12931446924173948,0.8003552556037903,1,nan,nan
male_vocal,0.75,phase53,640000,0.022564613032885584,0.23556417226791382,1,nan,nan
male_vocal,0.75,linear,640000,0.02223699910191468,0.21208837628364563,1,nan,nan
male_vocal,0.75,transient,640000,0.02242678170115691,0.2393048256635666,1,nan,nan
male_vocal,0.5,phase53,960000,0.021873811238153452,0.2377835214138031,1,nan,nan
male_vocal,0.5,linear,960000,0.02098203645818231,0.22585156559944153,1,nan,nan
male_vocal,0.5,transient,960000,0.021629199099486494,0.24715624749660492,1,nan,nan
