name,speed,label,mode,path
impulse,0.75,A,phase53,/Users/taro252/Docker/TimeStretchLab/results/phase101/blind/impulse_075/A.wav
impulse,0.75,B,transient,/Users/taro252/Docker/TimeStretchLab/results/phase101/blind/impulse_075/B.wav
impulse,0.75,C,linear,/Users/taro252/Docker/TimeStretchLab/results/phase101/blind/impulse_075/C.wav
impulse,0.5,A,phase53,/Users/taro252/Docker/TimeStretchLab/results/phase101/blind/impulse_050/A.wav
impulse,0.5,B,linear,/Users/taro252/Docker/TimeStretchLab/results/phase101/blind/impulse_050/B.wav
impulse,0.5,C,transient,/Users/taro252/Docker/TimeStretchLab/results/phase101/blind/impulse_050/C.wav
click_train,0.75,A,transient,/Users/taro252/Docker/TimeStretchLab/results/phase101/blind/click_train_075/A.wav
click_train,0.75,B,phase53,/Users/taro252/Docker/TimeStretchLab/results/phase101/blind/click_train_075/B.wav
click_train,0.75,C,linear,/Users/taro252/Docker/TimeStretchLab/results/phase101/blind/click_train_075/C.wav
click_train,0.5,A,linear,/Users/taro252/Docker/TimeStretchLab/results/phase101/blind/click_train_050/A.wav
click_train,0.5,B,phase53,/Users/taro252/Docker/TimeStretchLab/results/phase101/blind/click_train_050/B.wav
click_train,0.5,C,transient,/Users/taro252/Docker/TimeStretchLab/results/phase101/blind/click_train_050/C.wav
artificial_drum,0.75,A,transient,/Users/taro252/Docker/TimeStretchLab/results/phase101/blind/artificial_drum_075/A.wav
artificial_drum,0.75,B,phase53,/Users/taro252/Docker/TimeStretchLab/results/phase101/blind/artificial_drum_075/B.wav
artificial_drum,0.75,C,linear,/Users/taro252/Docker/TimeStretchLab/results/phase101/blind/artificial_drum_075/C.wav
artificial_drum,0.5,A,phase53,/Users/taro252/Docker/TimeStretchLab/results/phase101/blind/artificial_drum_050/A.wav
artificial_drum,0.5,B,linear,/Users/taro252/Docker/TimeStretchLab/results/phase101/blind/artificial_drum_050/B.wav
artificial_drum,0.5,C,transient,/Users/taro252/Docker/TimeStretchLab/results/phase101/blind/artificial_drum_050/C.wav
short_noise_burst,0.75,A,linear,/Users/taro252/Docker/TimeStretchLab/results/phase101/blind/short_noise_burst_075/A.wav
short_noise_burst,0.75,B,transient,/Users/taro252/Docker/TimeStretchLab/results/phase101/blind/short_noise_burst_075/B.wav
short_noise_burst,0.75,C,phase53,/Users/taro252/Docker/TimeStretchLab/results/phase101/blind/short_noise_burst_075/C.wav
short_noise_burst,0.5,A,linear,/Users/taro252/Docker/TimeStretchLab/results/phase101/blind/short_noise_burst_050/A.wav
short_noise_burst,0.5,B,transient,/Users/taro252/Docker/TimeStretchLab/results/phase101/blind/short_noise_burst_050/B.wav
short_noise_burst,0.5,C,phase53,/Users/taro252/Docker/TimeStretchLab/results/phase101/blind/short_noise_burst_050/C.wav
decaying_noise,0.75,A,transient,/Users/taro252/Docker/TimeStretchLab/results/phase101/blind/decaying_noise_075/A.wav
decaying_noise,0.75,B,phase53,/Users/taro252/Docker/TimeStretchLab/results/phase101/blind/decaying_noise_075/B.wav
decaying_noise,0.75,C,linear,/Users/taro252/Docker/TimeStretchLab/results/phase101/blind/decaying_noise_075/C.wav
decaying_noise,0.5,A,transient,/Users/taro252/Docker/TimeStretchLab/results/phase101/blind/decaying_noise_050/A.wav
decaying_noise,0.5,B,linear,/Users/taro252/Docker/TimeStretchLab/results/phase101/blind/decaying_noise_050/B.wav
decaying_noise,0.5,C,phase53,/Users/taro252/Docker/TimeStretchLab/results/phase101/blind/decaying_noise_050/C.wav
bass,0.75,A,linear,/Users/taro252/Docker/TimeStretchLab/results/phase101/blind/bass_075/A.wav
bass,0.75,B,phase53,/Users/taro252/Docker/TimeStretchLab/results/phase101/blind/bass_075/B.wav
bass,0.75,C,transient,/Users/taro252/Docker/TimeStretchLab/results/phase101/blind/bass_075/C.wav
bass,0.5,A,linear,/Users/taro252/Docker/TimeStretchLab/results/phase101/blind/bass_050/A.wav
bass,0.5,B,phase53,/Users/taro252/Docker/TimeStretchLab/results/phase101/blind/bass_050/B.wav
bass,0.5,C,transient,/Users/taro252/Docker/TimeStretchLab/results/phase101/blind/bass_050/C.wav
mix,0.75,A,transient,/Users/taro252/Docker/TimeStretchLab/results/phase101/blind/mix_075/A.wav
mix,0.75,B,phase53,/Users/taro252/Docker/TimeStretchLab/results/phase101/blind/mix_075/B.wav
mix,0.75,C,linear,/Users/taro252/Docker/TimeStretchLab/results/phase101/blind/mix_075/C.wav
mix,0.5,A,transient,/Users/taro252/Docker/TimeStretchLab/results/phase101/blind/mix_050/A.wav
mix,0.5,B,phase53,/Users/taro252/Docker/TimeStretchLab/results/phase101/blind/mix_050/B.wav
mix,0.5,C,linear,/Users/taro252/Docker/TimeStretchLab/results/phase101/blind/mix_050/C.wav
drums,0.75,A,linear,/Users/taro252/Docker/TimeStretchLab/results/phase101/blind/drums_075/A.wav
drums,0.75,B,transient,/Users/taro252/Docker/TimeStretchLab/results/phase101/blind/drums_075/B.wav
drums,0.75,C,phase53,/Users/taro252/Docker/TimeStretchLab/results/phase101/blind/drums_075/C.wav
drums,0.5,A,linear,/Users/taro252/Docker/TimeStretchLab/results/phase101/blind/drums_050/A.wav
drums,0.5,B,phase53,/Users/taro252/Docker/TimeStretchLab/results/phase101/blind/drums_050/B.wav
drums,0.5,C,transient,/Users/taro252/Docker/TimeStretchLab/results/phase101/blind/drums_050/C.wav
guitar,0.75,A,transient,/Users/taro252/Docker/TimeStretchLab/results/phase101/blind/guitar_075/A.wav
guitar,0.75,B,linear,/Users/taro252/Docker/TimeStretchLab/results/phase101/blind/guitar_075/B.wav
guitar,0.75,C,phase53,/Users/taro252/Docker/TimeStretchLab/results/phase101/blind/guitar_075/C.wav
guitar,0.5,A,linear,/Users/taro252/Docker/TimeStretchLab/results/phase101/blind/guitar_050/A.wav
guitar,0.5,B,phase53,/Users/taro252/Docker/TimeStretchLab/results/phase101/blind/guitar_050/B.wav
guitar,0.5,C,transient,/Users/taro252/Docker/TimeStretchLab/results/phase101/blind/guitar_050/C.wav
female_vocal,0.75,A,linear,/Users/taro252/Docker/TimeStretchLab/results/phase101/blind/female_vocal_075/A.wav
female_vocal,0.75,B,phase53,/Users/taro252/Docker/TimeStretchLab/results/phase101/blind/female_vocal_075/B.wav
female_vocal,0.75,C,transient,/Users/taro252/Docker/TimeStretchLab/results/phase101/blind/female_vocal_075/C.wav
female_vocal,0.5,A,phase53,/Users/taro252/Docker/TimeStretchLab/results/phase101/blind/female_vocal_050/A.wav
female_vocal,0.5,B,transient,/Users/taro252/Docker/TimeStretchLab/results/phase101/blind/female_vocal_050/B.wav
female_vocal,0.5,C,linear,/Users/taro252/Docker/TimeStretchLab/results/phase101/blind/female_vocal_050/C.wav
male_vocal,0.75,A,transient,/Users/taro252/Docker/TimeStretchLab/results/phase101/blind/male_vocal_075/A.wav
male_vocal,0.75,B,linear,/Users/taro252/Docker/TimeStretchLab/results/phase101/blind/male_vocal_075/B.wav
male_vocal,0.75,C,phase53,/Users/taro252/Docker/TimeStretchLab/results/phase101/blind/male_vocal_075/C.wav
male_vocal,0.5,A,linear,/Users/taro252/Docker/TimeStretchLab/results/phase101/blind/male_vocal_050/A.wav
male_vocal,0.5,B,phase53,/Users/taro252/Docker/TimeStretchLab/results/phase101/blind/male_vocal_050/B.wav
male_vocal,0.5,C,transient,/Users/taro252/Docker/TimeStretchLab/results/phase101/blind/male_vocal_050/C.wav
