name,speed,offline_count,realtime_count,precision,recall,median_error_ms,p90_error_ms
impulse,0.75,2,2,1.0,1.0,0.0,0.0
impulse,0.5,2,2,1.0,1.0,0.0,0.0
click_train,0.75,19,19,1.0,1.0,0.0,0.0
click_train,0.5,19,19,1.0,1.0,0.0,0.0
artificial_drum,0.75,27,29,0.9310344827586207,1.0,0.0,0.0
artificial_drum,0.5,27,29,0.9310344827586207,1.0,0.0,0.0
short_noise_burst,0.75,3,3,1.0,1.0,0.0,0.0
short_noise_burst,0.5,3,3,1.0,1.0,0.0,0.0
decaying_noise,0.75,3,3,1.0,1.0,0.0,0.0
decaying_noise,0.5,3,3,1.0,1.0,0.0,0.0
bass,0.75,28,28,1.0,1.0,0.0,0.0
bass,0.5,28,28,1.0,1.0,0.0,0.0
mix,0.75,32,34,0.9411764705882353,1.0,0.0,0.0
mix,0.5,32,34,0.9411764705882353,1.0,0.0,0.0
drums,0.75,32,38,0.8421052631578947,1.0,0.0,0.0
drums,0.5,32,38,0.8421052631578947,1.0,0.0,0.0
guitar,0.75,34,37,0.918918918918919,1.0,0.0,0.0
guitar,0.5,34,37,0.918918918918919,1.0,0.0,0.0
female_vocal,0.75,16,15,1.0,0.9375,0.0,0.0
female_vocal,0.5,16,15,1.0,0.9375,0.0,0.0
male_vocal,0.75,6,7,0.8571428571428571,1.0,0.0,0.0
male_vocal,0.5,6,7,0.8571428571428571,1.0,0.0,0.0
