name,speed,lookahead_ms,lookahead_samples,minimum_startup_samples,minimum_startup_ms,offline_count,realtime_count,precision,recall,median_error_ms,p90_error_ms,median_peak_error_ms,median_abs_peak_error_ms,max_interval_error_ms,rise_10_90_ms,first20_energy,preecho_energy,decay_3db_ms,decay_10db_ms,processing_seconds,peak_rss_bytes
impulse,0.75,64,3072,11264,234.66666666666666,2,2,1.0,1.0,0.0,0.0,-10.739583333333181,10.739583333333181,6.493055555554747,0.0,6.83523666111796e-07,0.0007721446163486689,0.5208333333333334,0.5208333333333334,0.145081,13680640
impulse,0.75,128,6144,14336,298.6666666666667,2,2,1.0,1.0,0.0,0.0,1.5158230573519837e-13,0.006944444444191808,0.01388888888808045,0.0,0.0007472253928426653,6.150297195972598e-07,0.5208333333333334,0.5208333333333334,0.140016,13647872
impulse,0.75,192,9216,17408,362.6666666666667,2,2,1.0,1.0,0.0,0.0,1.5158230573519837e-13,0.006944444444191808,0.01388888888808045,0.0,0.0007472253928426653,6.150297195972598e-07,0.5208333333333334,0.5208333333333334,0.133812,13697024
impulse,0.5,64,3072,9216,192.0,2,2,1.0,1.0,0.0,0.0,-32.208333333333336,32.208333333333336,19.458333333333336,19.53125,2.1700959905501804e-05,0.000439083840319654,0.5208333333333334,34.36458333333333,0.16049,13647872
impulse,0.5,128,6144,12288,256.0,2,2,1.0,1.0,0.0,0.0,0.0,0.0,0.0,5.625,0.0007244038279168308,2.4567122469676406e-06,0.5208333333333334,0.5208333333333334,0.160457,13680640
impulse,0.5,192,9216,15360,320.0,2,2,1.0,1.0,0.0,0.0,0.0,0.0,0.0,5.625,0.0007244038279168308,2.4567122469676406e-06,0.5208333333333334,0.5208333333333334,0.198027,13680640
click_train,0.75,64,3072,11264,234.66666666666666,19,19,1.0,1.0,0.0,0.0,-17.763888888889294,17.763888888889294,8.770833333333258,0.0,2.5973497486120323e-07,0.0007644954603165388,0.5208333333333334,0.5208333333333334,0.281953,13746176
click_train,0.75,128,6144,14336,298.6666666666667,19,19,1.0,1.0,0.0,0.0,0.0069444444443433895,0.0069444444443433895,1.2126596023639042e-12,0.0,0.0007451620185747743,1.665225397573522e-07,0.5208333333333334,0.5208333333333334,0.268736,13631488
click_train,0.75,192,9216,17408,362.6666666666667,19,19,1.0,1.0,0.0,0.0,0.0069444444443433895,0.0069444444443433895,1.2126596023639042e-12,0.0,0.0007451620185747743,1.665225397573522e-07,0.5208333333333334,0.5208333333333334,0.274106,13647872
click_train,0.5,64,3072,9216,192.0,19,19,1.0,1.0,0.0,0.0,-37.458333333333336,37.458333333333336,14.458333333333334,12.666666666666666,2.695461034818436e-06,6.582936475751922e-05,0.5208333333333334,29.854166666666668,0.303734,13647872
click_train,0.5,128,6144,12288,256.0,19,19,1.0,1.0,0.0,0.0,-2.6458333333333335,2.6458333333333335,15.125,15.916666666666666,0.00017144701268989593,0.00020545061852317303,0.5208333333333334,0.5416666666666666,0.292411,13697024
click_train,0.5,192,9216,15360,320.0,19,19,1.0,1.0,0.0,0.0,-2.6458333333333335,2.6458333333333335,15.125,15.916666666666666,0.00017144701268989593,0.00020545061852317303,0.5208333333333334,0.5416666666666666,0.297533,13664256
artificial_drum,0.75,64,3072,11264,234.66666666666666,27,29,0.9310344827586207,1.0,0.0,0.0,-21.3125,21.3125,23.833333333333336,2.479166666666667,0.03784949705004692,0.05986574664711952,2.0,3.1041666666666665,0.552996,13680640
artificial_drum,0.75,128,6144,14336,298.6666666666667,27,29,0.9310344827586207,1.0,0.0,0.0,-5.604166666666667,5.604166666666667,12.708333333333334,5.854166666666666,0.04475463926792145,0.054185036569833755,2.0,3.25,0.54254,13631488
artificial_drum,0.75,192,9216,17408,362.6666666666667,27,29,0.9310344827586207,1.0,0.0,0.0,-5.604166666666667,5.604166666666667,12.708333333333334,5.854166666666666,0.04475463926792145,0.054185036569833755,2.0,3.25,0.570559,13647872
artificial_drum,0.5,64,3072,9216,192.0,27,29,0.9310344827586207,1.0,0.0,0.0,-35.958333333333336,35.958333333333336,38.25,5.75,0.021179068833589554,0.04678736627101898,2.020833333333333,3.25,0.577579,13647872
artificial_drum,0.5,128,6144,12288,256.0,27,29,0.9310344827586207,1.0,0.0,0.0,-26.833333333333336,26.833333333333336,18.145833333333332,7.5625,0.011420851573348045,0.0278497114777565,2.1458333333333335,3.375,0.579851,13697024
artificial_drum,0.5,192,9216,15360,320.0,27,29,0.9310344827586207,1.0,0.0,0.0,-26.833333333333336,26.833333333333336,18.145833333333332,7.5625,0.011420851573348045,0.0278497114777565,2.1458333333333335,3.375,0.57,13680640
short_noise_burst,0.75,64,3072,11264,234.66666666666666,3,3,1.0,1.0,0.0,0.0,5.715277777777374,5.715277777777374,5.9375,0.875,0.023831019178032875,0.0323164239525795,0.875,1.3541666666666667,0.162896,13729792
short_noise_burst,0.75,128,6144,14336,298.6666666666667,3,3,1.0,1.0,0.0,0.0,6.027777777777374,6.027777777777374,5.625,1.1666666666666667,0.02234501950442791,0.03262198716402054,0.8541666666666667,1.3333333333333333,0.144687,13664256
short_noise_burst,0.75,192,9216,17408,362.6666666666667,3,3,1.0,1.0,0.0,0.0,6.027777777777374,6.027777777777374,5.625,1.1666666666666667,0.02234501950442791,0.03262198716402054,0.8541666666666667,1.3333333333333333,0.151222,13631488
short_noise_burst,0.5,64,3072,9216,192.0,3,3,1.0,1.0,0.0,0.0,-7.041666666666667,7.041666666666667,12.25,11.270833333333334,0.007409635465592146,0.045828018337488174,2.458333333333333,15.229166666666666,0.171051,13664256
short_noise_burst,0.5,128,6144,12288,256.0,3,3,1.0,1.0,0.0,0.0,-19.104166666666664,19.104166666666664,15.708333333333334,13.354166666666668,0.0001416293962392956,0.011172222904860973,0.8958333333333334,1.3958333333333333,0.168096,13697024
short_noise_burst,0.5,192,9216,15360,320.0,3,3,1.0,1.0,0.0,0.0,-19.104166666666664,19.104166666666664,15.708333333333334,13.354166666666668,0.0001416293962392956,0.011172222904860973,0.8958333333333334,1.3958333333333333,0.172745,13713408
decaying_noise,0.75,64,3072,11264,234.66666666666666,3,3,1.0,1.0,0.0,0.0,-5.888888888889293,5.888888888889293,7.583333333333333,0.9791666666666666,0.03893294185400009,0.033008646219968796,9.166666666666666,66.85416666666667,0.300631,13680640
decaying_noise,0.75,128,6144,14336,298.6666666666667,3,3,1.0,1.0,0.0,0.0,-5.888888888889293,5.888888888889293,7.583333333333333,0.9791666666666666,0.038589201867580414,0.032712671905756,9.166666666666666,77.52083333333333,0.29693,13647872
decaying_noise,0.75,192,9216,17408,362.6666666666667,3,3,1.0,1.0,0.0,0.0,-5.888888888889293,5.888888888889293,7.583333333333333,0.9791666666666666,0.038589201867580414,0.032712671905756,9.166666666666666,77.52083333333333,0.301375,13631488
decaying_noise,0.5,64,3072,9216,192.0,3,3,1.0,1.0,0.0,0.0,-2.0833333333333335,9.270833333333334,19.166666666666664,2.395833333333333,0.031209388747811317,0.03869745880365372,8.375,116.89583333333334,0.331386,13647872
decaying_noise,0.5,128,6144,12288,256.0,3,3,1.0,1.0,0.0,0.0,-20.9375,20.9375,55.04166666666667,0.7291666666666667,0.019501782953739166,0.03391510993242264,9.583333333333332,86.625,0.31681,13680640
decaying_noise,0.5,192,9216,15360,320.0,3,3,1.0,1.0,0.0,0.0,-20.9375,20.9375,55.04166666666667,0.7291666666666667,0.019501782953739166,0.03391510993242264,9.583333333333332,86.625,0.322849,13697024
