name,speed,mode,FFT,Ha,phase_locking,partial_tracking,pvsola,pvsola_interval_ms,pvsola_search_ms,pvsola_min_correlation,transient,transient_count,adaptive_time_map,precise_anchoring,stereo_coherence,average_coherence_weight,multiresolution,chunked,chunk_size,quality,ablation,ola_ring_samples,fir_ring_samples,event_count,time_map_hash,anchored_event_count,max_event_anchor_error_samples,input_frames,output_frames,processing_seconds,peak,track_continuity_ratio,trackable_peak_frames,matched_peak_frames,applied_peak_frames,average_track_lifetime_frames,average_track_count,track_switches_per_second,peak_phase_discontinuity_mean_rad,peak_phase_discontinuity_max_rad,resync_scheduled,resync_applied,resync_transient_suppressed,resync_per_second,resync_skip_rate,average_resync_correlation,average_resync_offset_samples,cpu_seconds,max_rss_bytes,lookahead_ms,events,anchors,debt_samples,maximum_debt_samples,input_overrun_frames,output_underrun_frames,wall_seconds,peak_rss_bytes
impulse,0.75,phase53,4096,1024,on,off,off,120,10,0.65,on,2,on,on,on,0,on,on,16384,high,b,98304,32768,2,14765995481072801087,2,0,480000,640000,0.190492,0.904119,0,0,0,0,0,0,0,0,0,0,0,0,0,0,0,0,0.189725,13451264,,,,,,,,,
impulse,0.75,linear,,,,,,,,,,,,,,,,,,,,,,,,,,480000,640000,0.130134,,,,,,,,,,,,,,,,,,,,0,0,0,0,0,0,0,0.144675,13205504
impulse,0.75,transient,,,,,,,,,,,,,,,,,,,,,,,,,,480000,640000,0.139469,,,,,,,,,,,,,,,,,,,,128,2,2,0.000131805,1536,0,0,0.15318,13647872
impulse,0.5,phase53,4096,1024,on,off,off,120,10,0.65,on,2,on,on,on,0,on,on,16384,high,b,98304,32768,2,6139431848604292744,2,0,480000,960000,0.211122,0.913246,0,0,0,0,0,0,0,0,0,0,0,0,0,0,0,0,0.210464,13467648,,,,,,,,,
impulse,0.5,linear,,,,,,,,,,,,,,,,,,,,,,,,,,480000,960000,0.144475,,,,,,,,,,,,,,,,,,,,0,0,0,0,0,0,0,0.162301,13107200
impulse,0.5,transient,,,,,,,,,,,,,,,,,,,,,,,,,,480000,960000,0.153369,,,,,,,,,,,,,,,,,,,,128,2,2,0.000389853,4505.6,0,0,0.168942,13697024
click_train,0.75,phase53,4096,1024,on,off,off,120,10,0.65,on,19,on,on,on,0,on,on,16384,high,b,98304,32768,19,8781346326356629359,19,0,480000,640000,0.316263,0.868235,0,0,0,0,0,0,0,0,0,0,0,0,0,0,0,0,0.316292,13516800,,,,,,,,,
click_train,0.75,linear,,,,,,,,,,,,,,,,,,,,,,,,,,480000,640000,0.290184,,,,,,,,,,,,,,,,,,,,0,0,0,0,0,0,0,0.305879,13139968
click_train,0.75,transient,,,,,,,,,,,,,,,,,,,,,,,,,,480000,640000,0.26971,,,,,,,,,,,,,,,,,,,,128,19,19,278.279,2103.61,0,0,0.283028,13664256
click_train,0.5,phase53,4096,1024,on,off,off,120,10,0.65,on,19,on,on,on,0,on,on,16384,high,b,98304,32768,19,8916701400269699567,19,0,480000,960000,0.336798,0.869165,0,0,0,0,0,0,0,0,0,0,0,0,0,0,0,0,0.333745,13484032,,,,,,,,,
click_train,0.5,linear,,,,,,,,,,,,,,,,,,,,,,,,,,480000,960000,0.306279,,,,,,,,,,,,,,,,,,,,0,0,0,0,0,0,0,0.326221,13107200
click_train,0.5,transient,,,,,,,,,,,,,,,,,,,,,,,,,,480000,960000,0.293998,,,,,,,,,,,,,,,,,,,,128,19,19,849.589,6231.97,0,0,0.31325,13680640
artificial_drum,0.75,phase53,4096,1024,on,off,off,120,10,0.65,on,29,on,on,on,0.0414905,on,on,16384,high,b,98304,32768,27,3163462544468738980,0,0,480000,640000,0.633602,0.527075,0,0,0,0,0,0,0,0,0,0,0,0,0,0,0,0,0.62048,13467648,,,,,,,,,
artificial_drum,0.75,linear,,,,,,,,,,,,,,,,,,,,,,,,,,480000,640000,0.563281,,,,,,,,,,,,,,,,,,,,0,0,0,0,0,0,0,0.578366,13172736
artificial_drum,0.75,transient,,,,,,,,,,,,,,,,,,,,,,,,,,480000,640000,0.540613,,,,,,,,,,,,,,,,,,,,128,29,0,987.974,3913.57,0,0,0.554971,13664256
artificial_drum,0.5,phase53,4096,1024,on,off,off,120,10,0.65,on,29,on,on,on,0.0414905,on,on,16384,high,b,98304,32768,27,16861263179713663856,0,0,480000,960000,0.616171,0.507903,0,0,0,0,0,0,0,0,0,0,0,0,0,0,0,0,0.608955,13451264,,,,,,,,,
artificial_drum,0.5,linear,,,,,,,,,,,,,,,,,,,,,,,,,,480000,960000,0.588337,,,,,,,,,,,,,,,,,,,,0,0,0,0,0,0,0,0.608981,13123584
artificial_drum,0.5,transient,,,,,,,,,,,,,,,,,,,,,,,,,,480000,960000,0.58557,,,,,,,,,,,,,,,,,,,,128,29,0,2670.26,9682.6,0,0,0.607262,13697024
short_noise_burst,0.75,phase53,4096,1024,on,off,off,120,10,0.65,on,3,on,on,on,0.024009,on,on,16384,high,b,98304,32768,3,14145774723605336306,0,0,480000,640000,0.189317,0.489896,0,0,0,0,0,0,0,0,0,0,0,0,0,0,0,0,0.189789,13434880,,,,,,,,,
short_noise_burst,0.75,linear,,,,,,,,,,,,,,,,,,,,,,,,,,480000,640000,0.141569,,,,,,,,,,,,,,,,,,,,0,0,0,0,0,0,0,0.155718,13172736
short_noise_burst,0.75,transient,,,,,,,,,,,,,,,,,,,,,,,,,,480000,640000,0.156622,,,,,,,,,,,,,,,,,,,,128,3,0,0.469958,1536.01,0,0,0.170989,13647872
short_noise_burst,0.5,phase53,4096,1024,on,off,off,120,10,0.65,on,3,on,on,on,0.024009,on,on,16384,high,b,98304,32768,3,3113418723485978028,0,0,480000,960000,0.239329,0.608177,0,0,0,0,0,0,0,0,0,0,0,0,0,0,0,0,0.223875,13500416,,,,,,,,,
short_noise_burst,0.5,linear,,,,,,,,,,,,,,,,,,,,,,,,,,480000,960000,0.15927,,,,,,,,,,,,,,,,,,,,0,0,0,0,0,0,0,0.177729,13107200
short_noise_burst,0.5,transient,,,,,,,,,,,,,,,,,,,,,,,,,,480000,960000,0.175393,,,,,,,,,,,,,,,,,,,,128,3,0,1.39005,4505.64,0,0,0.193537,13697024
decaying_noise,0.75,phase53,4096,1024,on,off,off,120,10,0.65,on,3,on,on,on,0.0461694,on,on,16384,high,b,98304,32768,3,14145774723605336306,0,0,480000,640000,0.372272,0.557549,0,0,0,0,0,0,0,0,0,0,0,0,0,0,0,0,0.346438,13516800,,,,,,,,,
decaying_noise,0.75,linear,,,,,,,,,,,,,,,,,,,,,,,,,,480000,640000,0.282427,,,,,,,,,,,,,,,,,,,,0,0,0,0,0,0,0,0.295436,13139968
decaying_noise,0.75,transient,,,,,,,,,,,,,,,,,,,,,,,,,,480000,640000,0.296454,,,,,,,,,,,,,,,,,,,,128,3,0,0.469958,1536.01,0,0,0.309599,13664256
decaying_noise,0.5,phase53,4096,1024,on,off,off,120,10,0.65,on,3,on,on,on,0.0461694,on,on,16384,high,b,98304,32768,3,3113418723485978028,0,0,480000,960000,0.373873,0.550453,0,0,0,0,0,0,0,0,0,0,0,0,0,0,0,0,0.371227,13484032,,,,,,,,,
decaying_noise,0.5,linear,,,,,,,,,,,,,,,,,,,,,,,,,,480000,960000,0.304381,,,,,,,,,,,,,,,,,,,,0,0,0,0,0,0,0,0.322507,13139968
decaying_noise,0.5,transient,,,,,,,,,,,,,,,,,,,,,,,,,,480000,960000,0.325497,,,,,,,,,,,,,,,,,,,,128,3,0,1.39005,4505.64,0,0,0.343256,13680640
bass,0.75,phase53,4096,1024,on,off,off,120,10,0.65,on,28,on,on,on,0.129098,on,on,16384,high,b,98304,32768,28,15449804784236010563,0,0,480000,640000,0.897646,0.82244,0,0,0,0,0,0,0,0,0,0,0,0,0,0,0,0,0.867164,14516224,,,,,,,,,
bass,0.75,linear,,,,,,,,,,,,,,,,,,,,,,,,,,480000,640000,0.835952,,,,,,,,,,,,,,,,,,,,0,0,0,0,0,0,0,0.851258,13451264
bass,0.75,transient,,,,,,,,,,,,,,,,,,,,,,,,,,480000,640000,0.815897,,,,,,,,,,,,,,,,,,,,128,28,0,1651.64,10742.5,0,0,0.832234,13926400
bass,0.5,phase53,4096,1024,on,off,off,120,10,0.65,on,28,on,on,on,0.129098,on,on,16384,high,b,98304,32768,28,835108569916702523,0,0,480000,960000,0.893763,0.797357,0,0,0,0,0,0,0,0,0,0,0,0,0,0,0,0,0.890926,14548992,,,,,,,,,
bass,0.5,linear,,,,,,,,,,,,,,,,,,,,,,,,,,480000,960000,0.870768,,,,,,,,,,,,,,,,,,,,0,0,0,0,0,0,0,0.894465,13385728
bass,0.5,transient,,,,,,,,,,,,,,,,,,,,,,,,,,480000,960000,0.836982,,,,,,,,,,,,,,,,,,,,128,28,0,4248.55,18312.3,0,0,0.857231,13975552
mix,0.75,phase53,4096,1024,on,off,off,120,10,0.65,on,34,on,on,on,0.0483246,on,on,16384,high,b,98304,32768,32,9763794647830837686,0,0,441000,588000,0.961351,1.11135,0,0,0,0,0,0,0,0,0,0,0,0,0,0,0,0,0.959071,14499840,,,,,,,,,
mix,0.75,linear,,,,,,,,,,,,,,,,,,,,,,,,,,441000,588000,0.945084,,,,,,,,,,,,,,,,,,,,0,0,0,0,0,0,0,0.95947,13434880
mix,0.75,transient,,,,,,,,,,,,,,,,,,,,,,,,,,441000,588000,0.899326,,,,,,,,,,,,,,,,,,,,128,34,0,2399.78,6822.67,0,0,0.914848,13975552
mix,0.5,phase53,4096,1024,on,off,off,120,10,0.65,on,34,on,on,on,0.0483246,on,on,16384,high,b,98304,32768,32,10788543252808887349,0,0,441000,882000,0.993335,1.45859,0,0,0,0,0,0,0,0,0,0,0,0,0,0,0,0,0.990877,14548992,,,,,,,,,
mix,0.5,linear,,,,,,,,,,,,,,,,,,,,,,,,,,441000,882000,0.953833,,,,,,,,,,,,,,,,,,,,0,0,0,0,0,0,0,0.972884,13402112
mix,0.5,transient,,,,,,,,,,,,,,,,,,,,,,,,,,441000,882000,0.923259,,,,,,,,,,,,,,,,,,,,128,34,0,5731.4,14528.4,0,0,0.941744,13975552
drums,0.75,phase53,4096,1024,on,off,off,120,10,0.65,on,38,on,on,on,0.0316247,on,on,16384,high,b,98304,32768,32,1871340360324504193,0,0,480000,640000,1.03409,1.02596,0,0,0,0,0,0,0,0,0,0,0,0,0,0,0,0,1.03098,14548992,,,,,,,,,
drums,0.75,linear,,,,,,,,,,,,,,,,,,,,,,,,,,480000,640000,1.03676,,,,,,,,,,,,,,,,,,,,0,0,0,0,0,0,0,1.05402,13451264
drums,0.75,transient,,,,,,,,,,,,,,,,,,,,,,,,,,480000,640000,0.951324,,,,,,,,,,,,,,,,,,,,128,38,0,2044.73,7376.62,0,0,0.967709,13975552
drums,0.5,phase53,4096,1024,on,off,off,120,10,0.65,on,38,on,on,on,0.0316247,on,on,16384,high,b,98304,32768,32,10777341678714514184,0,0,480000,960000,1.0656,1.0364,0,0,0,0,0,0,0,0,0,0,0,0,0,0,0,0,1.05885,14548992,,,,,,,,,
drums,0.5,linear,,,,,,,,,,,,,,,,,,,,,,,,,,480000,960000,1.03732,,,,,,,,,,,,,,,,,,,,0,0,0,0,0,0,0,1.06158,13385728
drums,0.5,transient,,,,,,,,,,,,,,,,,,,,,,,,,,480000,960000,1.00123,,,,,,,,,,,,,,,,,,,,128,38,0,4960.42,15714.5,0,0,1.02279,13959168
guitar,0.75,phase53,4096,1024,on,off,off,120,10,0.65,on,37,on,on,on,0.0788734,on,on,16384,high,b,98304,32768,34,9383804043409920315,0,0,480000,640000,0.929796,0.933894,0,0,0,0,0,0,0,0,0,0,0,0,0,0,0,0,0.929139,14581760,,,,,,,,,
guitar,0.75,linear,,,,,,,,,,,,,,,,,,,,,,,,,,480000,640000,0.934673,,,,,,,,,,,,,,,,,,,,0,0,0,0,0,0,0,0.951284,13418496
guitar,0.75,transient,,,,,,,,,,,,,,,,,,,,,,,,,,480000,640000,0.885475,,,,,,,,,,,,,,,,,,,,128,37,0,3070.21,7074.72,0,0,0.903369,13910016
guitar,0.5,phase53,4096,1024,on,off,off,120,10,0.65,on,37,on,on,on,0.0788734,on,on,16384,high,b,98304,32768,34,6367966047200831925,0,0,480000,960000,0.969415,0.861386,0,0,0,0,0,0,0,0,0,0,0,0,0,0,0,0,0.967343,14548992,,,,,,,,,
guitar,0.5,linear,,,,,,,,,,,,,,,,,,,,,,,,,,480000,960000,0.959207,,,,,,,,,,,,,,,,,,,,0,0,0,0,0,0,0,0.987717,13434880
guitar,0.5,transient,,,,,,,,,,,,,,,,,,,,,,,,,,480000,960000,0.922058,,,,,,,,,,,,,,,,,,,,128,37,0,6484.1,15233,0,0,0.943642,13959168
female_vocal,0.75,phase53,4096,1024,on,off,off,120,10,0.65,on,15,on,on,on,0,on,on,16384,high,b,49152,16384,16,10272916335150983259,0,0,480000,640000,0.398933,0.806538,0,0,0,0,0,0,0,0,0,0,0,0,0,0,0,0,0.399876,12025856,,,,,,,,,
female_vocal,0.75,linear,,,,,,,,,,,,,,,,,,,,,,,,,,480000,640000,0.383024,,,,,,,,,,,,,,,,,,,,0,0,0,0,0,0,0,0.392243,11091968
female_vocal,0.75,transient,,,,,,,,,,,,,,,,,,,,,,,,,,480000,640000,0.392208,,,,,,,,,,,,,,,,,,,,128,15,0,1843.74,4091.49,0,0,0.40123,11632640
female_vocal,0.5,phase53,4096,1024,on,off,off,120,10,0.65,on,15,on,on,on,0,on,on,16384,high,b,49152,16384,16,563012526725608219,0,0,480000,960000,0.421439,0.728706,0,0,0,0,0,0,0,0,0,0,0,0,0,0,0,0,0.421086,12009472,,,,,,,,,
female_vocal,0.5,linear,,,,,,,,,,,,,,,,,,,,,,,,,,480000,960000,0.391588,,,,,,,,,,,,,,,,,,,,0,0,0,0,0,0,0,0.401902,11091968
female_vocal,0.5,transient,,,,,,,,,,,,,,,,,,,,,,,,,,480000,960000,0.409893,,,,,,,,,,,,,,,,,,,,128,15,0,5497.23,11284.5,0,0,0.420637,11649024
male_vocal,0.75,phase53,4096,1024,on,off,off,120,10,0.65,on,7,on,on,on,0,on,on,16384,high,b,49152,16384,6,525490487427476425,0,0,480000,640000,0.455305,0.235564,0,0,0,0,0,0,0,0,0,0,0,0,0,0,0,0,0.424061,12025856,,,,,,,,,
male_vocal,0.75,linear,,,,,,,,,,,,,,,,,,,,,,,,,,480000,640000,0.386327,,,,,,,,,,,,,,,,,,,,0,0,0,0,0,0,0,0.394129,11124736
male_vocal,0.75,transient,,,,,,,,,,,,,,,,,,,,,,,,,,480000,640000,0.436394,,,,,,,,,,,,,,,,,,,,128,7,0,125.344,2495.16,0,0,0.455559,11616256
male_vocal,0.5,phase53,4096,1024,on,off,off,120,10,0.65,on,7,on,on,on,0,on,on,16384,high,b,49152,16384,6,17816063699258200504,0,0,480000,960000,0.445741,0.237784,0,0,0,0,0,0,0,0,0,0,0,0,0,0,0,0,0.443588,12058624,,,,,,,,,
male_vocal,0.5,linear,,,,,,,,,,,,,,,,,,,,,,,,,,480000,960000,0.401137,,,,,,,,,,,,,,,,,,,,0,0,0,0,0,0,0,0.41246,11108352
male_vocal,0.5,transient,,,,,,,,,,,,,,,,,,,,,,,,,,480000,960000,0.424884,,,,,,,,,,,,,,,,,,,,128,7,0,371.611,7381.25,0,0,0.43663,11649024
