name,speed,mode,input,output,FFT,Ha,phase_locking,transient,transient_count,adaptive_time_map,precise_anchoring,stereo_coherence,average_coherence_weight,multiresolution,chunked,chunk_size,ablation,ola_ring_samples,fir_ring_samples,event_count,time_map_hash,anchored_event_count,max_event_anchor_error_samples,input_frames,output_frames,processing_seconds,peak,cpu_seconds,max_rss_bytes,file,rate,channels,frames,duration_s,rms,samples_over_1,lr_rms_ratio,lr_correlation,mid_rms,side_rms,side_mid_ratio,corr_1s_p10,corr_1s_median,corr_1s_p90,corr_1s_negative_fraction,finite,tonal_bins,ipd_weighted_rms_deg,ild_weighted_rms_db,low_bins,low_ipd_weighted_rms_deg,voiced_frames,stable_pairs,median_frequency_hz,median_step_cents,p90_step_cents,highband_energy_fraction,highband_flux_p95,highband_active_median
bass,0.75,a,/Users/taro252/Docker/TimeStretchLab/results/phase52/real/bass_input.wav,/Users/taro252/Docker/TimeStretchLab/results/phase52/real/bass_075_a.wav,4096,1024,on,on,139,on,on,on,0.145993,on,on,16384,a,32768,0,125,17850551911018472477,0,0,2160000,2880000,2.57015,0.979276,2.39857,9879552,/Users/taro252/Docker/TimeStretchLab/results/phase52/real/bass_075_a.wav,48000,2,2880000,60.000000,0.121280,0,0.817824,0.997360,0.120597,0.012856,0.106606,0.996678,0.997411,0.997848,0.000000,yes,236,1.307391,0.117627,96,0.743823,514,294,56.430,4.714,72.036,2.592709810740584e-05,0.0004289014695010281,0.0029591586162409584
bass,0.75,b,/Users/taro252/Docker/TimeStretchLab/results/phase52/real/bass_input.wav,/Users/taro252/Docker/TimeStretchLab/results/phase52/real/bass_075_b.wav,4096,1024,on,on,139,on,on,on,0.145993,on,on,16384,b,98304,32768,125,17850551911018472477,0,0,2160000,2880000,4.7167,0.973402,4.50914,14712832,/Users/taro252/Docker/TimeStretchLab/results/phase52/real/bass_075_b.wav,48000,2,2880000,60.000000,0.119870,0,0.817629,0.996904,0.119180,0.012845,0.107782,0.996069,0.997430,0.997859,0.000000,yes,236,1.264388,0.122896,96,0.704150,516,289,57.187,4.347,59.824,2.6035235549205087e-05,0.00042893370462110045,0.0029591056957098396
bass,0.75,c,/Users/taro252/Docker/TimeStretchLab/results/phase52/real/bass_input.wav,/Users/taro252/Docker/TimeStretchLab/results/phase52/real/bass_075_c.wav,4096,1024,on,on,139,on,on,on,0.145993,on,on,16384,c,106496,65536,125,17850551911018472477,0,0,2160000,2880000,6.88269,0.973402,6.60156,17219584,/Users/taro252/Docker/TimeStretchLab/results/phase52/real/bass_075_c.wav,48000,2,2880000,60.000000,0.119870,0,0.817629,0.996904,0.119180,0.012845,0.107782,0.996069,0.997427,0.997859,0.000000,yes,236,1.264389,0.122896,96,0.704151,516,289,57.187,4.347,59.824,2.4716491854377545e-05,0.00036801973080808573,0.002943533259405396
bass,0.5,a,/Users/taro252/Docker/TimeStretchLab/results/phase52/real/bass_input.wav,/Users/taro252/Docker/TimeStretchLab/results/phase52/real/bass_050_a.wav,4096,1024,on,on,139,on,on,on,0.146075,on,on,16384,a,32768,0,125,15442977185672678524,0,0,2160000,4320000,2.51958,0.868937,2.38841,9945088,/Users/taro252/Docker/TimeStretchLab/results/phase52/real/bass_050_a.wav,48000,2,4320000,90.000000,0.119959,0,0.817402,0.996571,0.119257,0.012961,0.108681,0.995640,0.997181,0.997866,0.000000,yes,236,3.865266,0.197209,96,2.278315,771,503,58.276,5.208,65.215,4.6843332184292164e-05,0.0004500075790821999,0.0033541950211949875
bass,0.5,b,/Users/taro252/Docker/TimeStretchLab/results/phase52/real/bass_input.wav,/Users/taro252/Docker/TimeStretchLab/results/phase52/real/bass_050_b.wav,4096,1024,on,on,139,on,on,on,0.146075,on,on,16384,b,98304,32768,125,15442977185672678524,0,0,2160000,4320000,4.63358,0.878252,4.49173,14598144,/Users/taro252/Docker/TimeStretchLab/results/phase52/real/bass_050_b.wav,48000,2,4320000,90.000000,0.119199,0,0.817398,0.996107,0.118488,0.013004,0.109750,0.995083,0.997107,0.997883,0.000000,yes,236,3.798107,0.255252,96,1.630861,776,536,57.689,4.065,63.968,4.72555966736183e-05,0.0004501948956653828,0.0033541265324162866
bass,0.5,c,/Users/taro252/Docker/TimeStretchLab/results/phase52/real/bass_input.wav,/Users/taro252/Docker/TimeStretchLab/results/phase52/real/bass_050_c.wav,4096,1024,on,on,139,on,on,on,0.146075,on,on,16384,c,106496,65536,125,15442977185672678524,0,0,2160000,4320000,6.69945,0.878249,6.55349,17219584,/Users/taro252/Docker/TimeStretchLab/results/phase52/real/bass_050_c.wav,48000,2,4320000,90.000000,0.119199,0,0.817398,0.996107,0.118488,0.013004,0.109751,0.995083,0.997107,0.997883,0.000000,yes,236,3.798105,0.255252,96,1.630860,776,536,57.689,4.065,63.968,3.294720416409231e-05,0.0003349403012757077,0.0033048707998003042
mix,0.75,a,/Users/taro252/Docker/TimeStretchLab/results/phase52/real/mix_input.wav,/Users/taro252/Docker/TimeStretchLab/results/phase52/real/mix_075_a.wav,4096,1024,on,on,139,on,on,on,0.0429395,on,on,16384,a,32768,0,130,10761303240002377252,0,0,1984500,2646000,2.54805,1.401489,2.48699,9863168,/Users/taro252/Docker/TimeStretchLab/results/phase52/real/mix_075_a.wav,44100,2,2646000,60.000000,0.228519,865,0.997347,0.903570,0.222942,0.050179,0.225076,0.857588,0.903927,0.942650,0.000000,yes,3811,12.799761,1.177714,107,3.212399,,,,,,0.08563769142238473,15.233447751809438,42.5753953649525
mix,0.75,b,/Users/taro252/Docker/TimeStretchLab/results/phase52/real/mix_input.wav,/Users/taro252/Docker/TimeStretchLab/results/phase52/real/mix_075_b.wav,4096,1024,on,on,139,on,on,on,0.0429395,on,on,16384,b,98304,32768,130,10761303240002377252,0,0,1984500,2646000,4.82001,1.392227,4.74482,14614528,/Users/taro252/Docker/TimeStretchLab/results/phase52/real/mix_075_b.wav,44100,2,2646000,60.000000,0.225585,723,0.998260,0.902662,0.220027,0.049767,0.226185,0.859537,0.904473,0.934213,0.000000,yes,3811,13.032705,1.199886,107,4.680440,,,,,,0.08564137261020263,15.23344779618832,42.575395208486086
mix,0.75,c,/Users/taro252/Docker/TimeStretchLab/results/phase52/real/mix_input.wav,/Users/taro252/Docker/TimeStretchLab/results/phase52/real/mix_075_c.wav,4096,1024,on,on,139,on,on,on,0.0429395,on,on,16384,c,106496,65536,130,10761303240002377252,0,0,1984500,2646000,7.25236,1.365266,7.13243,17154048,/Users/taro252/Docker/TimeStretchLab/results/phase52/real/mix_075_c.wav,44100,2,2646000,60.000000,0.225581,789,0.998185,0.902617,0.220020,0.049777,0.226240,0.861462,0.904178,0.933760,0.000000,yes,3811,13.888869,1.342958,107,4.680438,,,,,,0.08684380757580838,15.083817844461393,43.70104335119089
mix,0.5,a,/Users/taro252/Docker/TimeStretchLab/results/phase52/real/mix_input.wav,/Users/taro252/Docker/TimeStretchLab/results/phase52/real/mix_050_a.wav,4096,1024,on,on,139,on,on,on,0.0429395,on,on,16384,a,32768,0,130,10537306494630407805,0,0,1984500,3969000,2.57344,1.533454,2.52818,9863168,/Users/taro252/Docker/TimeStretchLab/results/phase52/real/mix_050_a.wav,44100,2,3969000,90.000000,0.223392,2149,0.991473,0.857232,0.215270,0.059692,0.277290,0.782655,0.849030,0.924072,0.000000,yes,3811,29.520342,2.466902,107,12.264239,,,,,,0.07658198226271766,9.41748321585345,39.118120274373325
mix,0.5,b,/Users/taro252/Docker/TimeStretchLab/results/phase52/real/mix_input.wav,/Users/taro252/Docker/TimeStretchLab/results/phase52/real/mix_050_b.wav,4096,1024,on,on,139,on,on,on,0.0429395,on,on,16384,b,98304,32768,130,10537306494630407805,0,0,1984500,3969000,5.05281,1.391727,4.93964,14614528,/Users/taro252/Docker/TimeStretchLab/results/phase52/real/mix_050_b.wav,44100,2,3969000,90.000000,0.221938,1333,0.992785,0.861532,0.214116,0.058402,0.272758,0.786223,0.856830,0.912230,0.000000,yes,3811,29.789567,2.469978,107,8.931314,,,,,,0.0765883935310682,9.417483424720315,39.11812028705627
mix,0.5,c,/Users/taro252/Docker/TimeStretchLab/results/phase52/real/mix_input.wav,/Users/taro252/Docker/TimeStretchLab/results/phase52/real/mix_050_c.wav,4096,1024,on,on,139,on,on,on,0.0429395,on,on,16384,c,106496,65536,130,10537306494630407805,0,0,1984500,3969000,7.71078,1.426309,7.37452,17154048,/Users/taro252/Docker/TimeStretchLab/results/phase52/real/mix_050_c.wav,44100,2,3969000,90.000000,0.221903,1374,0.992647,0.862402,0.214132,0.058209,0.271837,0.783081,0.858742,0.913379,0.000000,yes,3811,30.825794,2.612120,107,8.931316,,,,,,0.07844144847796058,8.132145169683403,40.36607730292509
female,0.75,a,/Users/taro252/Docker/TimeStretchLab/results/phase52/real/female_input.wav,/Users/taro252/Docker/TimeStretchLab/results/phase52/real/female_075_a.wav,4096,1024,on,on,80,on,on,on,0.0449917,on,on,16384,a,32768,0,77,8561207837075532670,0,0,2160000,2880000,2.68897,0.946832,2.61112,9895936,/Users/taro252/Docker/TimeStretchLab/results/phase52/real/female_075_a.wav,48000,2,2880000,60.000000,0.142310,0,1.031787,0.903700,0.138825,0.031299,0.225454,0.840996,0.904057,0.943356,0.017857,yes,1531,28.317543,1.308485,9,88.433984,,,,,,0.035212781171959716,5.5767020005448185,25.674638932939224
female,0.75,b,/Users/taro252/Docker/TimeStretchLab/results/phase52/real/female_input.wav,/Users/taro252/Docker/TimeStretchLab/results/phase52/real/female_075_b.wav,4096,1024,on,on,80,on,on,on,0.0449917,on,on,16384,b,98304,32768,77,8561207837075532670,0,0,2160000,2880000,5.26741,0.947825,5.00612,14598144,/Users/taro252/Docker/TimeStretchLab/results/phase52/real/female_075_b.wav,48000,2,2880000,60.000000,0.142261,0,1.031877,0.903764,0.138780,0.031278,0.225380,0.840997,0.904114,0.943356,0.017857,yes,1531,28.319713,1.312691,9,80.687766,,,,,,0.03521389211206294,5.576701985970139,25.674638976649096
female,0.75,c,/Users/taro252/Docker/TimeStretchLab/results/phase52/real/female_input.wav,/Users/taro252/Docker/TimeStretchLab/results/phase52/real/female_075_c.wav,4096,1024,on,on,80,on,on,on,0.0449917,on,on,16384,c,106496,65536,77,8561207837075532670,0,0,2160000,2880000,7.79876,1.018444,7.49299,17203200,/Users/taro252/Docker/TimeStretchLab/results/phase52/real/female_075_c.wav,48000,2,2880000,60.000000,0.142334,2,1.031791,0.906699,0.138958,0.030815,0.221760,0.849188,0.906275,0.943218,0.017857,yes,1531,26.638792,1.417249,9,80.687648,,,,,,0.038729739043444796,4.878294496639015,27.442796295711048
female,0.5,a,/Users/taro252/Docker/TimeStretchLab/results/phase52/real/female_input.wav,/Users/taro252/Docker/TimeStretchLab/results/phase52/real/female_050_a.wav,4096,1024,on,on,80,on,on,on,0.0449917,on,on,16384,a,32768,0,77,15331809143607642005,0,0,2160000,4320000,2.7546,1.036916,2.65689,9879552,/Users/taro252/Docker/TimeStretchLab/results/phase52/real/female_050_a.wav,48000,2,4320000,90.000000,0.141906,2,1.031524,0.862527,0.136927,0.037261,0.272120,0.688825,0.863864,0.928209,0.011905,yes,1532,44.077496,2.432300,9,81.209326,,,,,,0.03373087594264329,4.943660249928467,24.077866510644633
female,0.5,b,/Users/taro252/Docker/TimeStretchLab/results/phase52/real/female_input.wav,/Users/taro252/Docker/TimeStretchLab/results/phase52/real/female_050_b.wav,4096,1024,on,on,80,on,on,on,0.0449917,on,on,16384,b,98304,32768,77,15331809143607642005,0,0,2160000,4320000,5.37657,1.032911,5.2608,14630912,/Users/taro252/Docker/TimeStretchLab/results/phase52/real/female_050_b.wav,48000,2,4320000,90.000000,0.141850,2,1.031555,0.862581,0.136875,0.037239,0.272064,0.688822,0.863905,0.928209,0.011905,yes,1532,44.106022,2.427662,9,92.886257,,,,,,0.033732243596288985,4.94366032525351,24.077866507382453
female,0.5,c,/Users/taro252/Docker/TimeStretchLab/results/phase52/real/female_input.wav,/Users/taro252/Docker/TimeStretchLab/results/phase52/real/female_050_c.wav,4096,1024,on,on,80,on,on,on,0.0449917,on,on,16384,c,106496,65536,77,15331809143607642005,0,0,2160000,4320000,7.96389,0.988933,7.83358,17186816,/Users/taro252/Docker/TimeStretchLab/results/phase52/real/female_050_c.wav,48000,2,4320000,90.000000,0.141889,0,1.031475,0.868159,0.137118,0.036488,0.266104,0.693607,0.866946,0.930574,0.011905,yes,1532,40.484536,2.462685,9,92.886312,,,,,,0.038720399459734024,3.7856082617722957,26.745429789105028
male,0.75,a,/Users/taro252/Docker/TimeStretchLab/results/phase52/real/male_input.wav,/Users/taro252/Docker/TimeStretchLab/results/phase52/real/male_075_a.wav,4096,1024,on,on,69,on,on,on,0.0670254,on,on,16384,a,32768,0,63,7950115721159435539,0,0,2160000,2880000,2.60075,0.424596,2.54169,9895936,/Users/taro252/Docker/TimeStretchLab/results/phase52/real/male_075_a.wav,48000,2,2880000,60.000000,0.071043,0,0.983432,0.946501,0.070084,0.011634,0.165996,0.813594,0.972236,0.994195,0.000000,yes,1132,17.629579,1.150963,5,22.277782,,,,,,0.013264966332440502,1.335584241517223,7.058442153161889
male,0.75,b,/Users/taro252/Docker/TimeStretchLab/results/phase52/real/male_input.wav,/Users/taro252/Docker/TimeStretchLab/results/phase52/real/male_075_b.wav,4096,1024,on,on,69,on,on,on,0.0670254,on,on,16384,b,98304,32768,63,7950115721159435539,0,0,2160000,2880000,4.99397,0.424708,4.90889,14614528,/Users/taro252/Docker/TimeStretchLab/results/phase52/real/male_075_b.wav,48000,2,2880000,60.000000,0.070422,0,0.983454,0.945859,0.069460,0.011601,0.167013,0.813366,0.972077,0.994130,0.000000,yes,1132,17.718612,1.176911,5,27.358437,,,,,,0.013276833353264293,1.3355842583607256,7.058442159197831
male,0.75,c,/Users/taro252/Docker/TimeStretchLab/results/phase52/real/male_input.wav,/Users/taro252/Docker/TimeStretchLab/results/phase52/real/male_075_c.wav,4096,1024,on,on,69,on,on,on,0.0670254,on,on,16384,c,106496,65536,63,7950115721159435539,0,0,2160000,2880000,7.47104,0.421010,7.34832,17137664,/Users/taro252/Docker/TimeStretchLab/results/phase52/real/male_075_c.wav,48000,2,2880000,60.000000,0.070410,0,0.983442,0.946224,0.069454,0.011560,0.166435,0.813293,0.972104,0.994133,0.000000,yes,1132,17.437494,1.200886,5,27.358442,,,,,,0.013704131718352624,1.183581010867063,7.26613487766162
male,0.5,a,/Users/taro252/Docker/TimeStretchLab/results/phase52/real/male_input.wav,/Users/taro252/Docker/TimeStretchLab/results/phase52/real/male_050_a.wav,4096,1024,on,on,69,on,on,on,0.0670254,on,on,16384,a,32768,0,63,8096614385275654356,0,0,2160000,4320000,2.61976,0.417954,2.58959,9879552,/Users/taro252/Docker/TimeStretchLab/results/phase52/real/male_050_a.wav,48000,2,4320000,90.000000,0.070973,0,0.983839,0.930164,0.069720,0.013274,0.190388,0.742470,0.956232,0.990565,0.011364,yes,1132,30.041673,1.817052,5,17.340412,,,,,,0.012309709967274532,1.1708257370896629,6.681302961026622
male,0.5,b,/Users/taro252/Docker/TimeStretchLab/results/phase52/real/male_input.wav,/Users/taro252/Docker/TimeStretchLab/results/phase52/real/male_050_b.wav,4096,1024,on,on,69,on,on,on,0.0670254,on,on,16384,b,98304,32768,63,8096614385275654356,0,0,2160000,4320000,5.12503,0.428530,5.04592,14581760,/Users/taro252/Docker/TimeStretchLab/results/phase52/real/male_050_b.wav,48000,2,4320000,90.000000,0.069919,0,0.983853,0.928365,0.068654,0.013244,0.192910,0.741582,0.944861,0.988862,0.011364,yes,1132,30.714564,1.894614,5,92.017924,,,,,,0.012321110008525833,1.1708258345253335,6.681302931632656
male,0.5,c,/Users/taro252/Docker/TimeStretchLab/results/phase52/real/male_input.wav,/Users/taro252/Docker/TimeStretchLab/results/phase52/real/male_050_c.wav,4096,1024,on,on,69,on,on,on,0.0670254,on,on,16384,c,106496,65536,63,8096614385275654356,0,0,2160000,4320000,7.29945,0.424872,7.22227,17186816,/Users/taro252/Docker/TimeStretchLab/results/phase52/real/male_050_c.wav,48000,2,4320000,90.000000,0.069906,0,0.983848,0.929560,0.068662,0.013131,0.191238,0.741252,0.948514,0.988636,0.011364,yes,1132,29.621045,1.929143,5,92.017918,,,,,,0.013179324229698097,0.9674087146009233,7.063304609442794
