name,speed,input,phase53,phase9a,primary,tonal_input,noise_input,tonal_output,noise_output,primary_and_tonal,combined,track_csv,inputFrames,outputFrames,meanTonalMask,trackBirths,trackDeaths,medianLifetimeSeconds,processingSeconds
pure_vowel,0.75,/Users/taro252/Docker/TimeStretchLab/results/phase9a/pure_vowel_input.wav,/Users/taro252/Docker/TimeStretchLab/results/phase9a/pure_vowel_075_phase53.wav,/Users/taro252/Docker/TimeStretchLab/results/phase9a/pure_vowel_075_phase9a.wav,/Users/taro252/Docker/TimeStretchLab/results/phase9c/components/pure_vowel_075/primary.wav,/Users/taro252/Docker/TimeStretchLab/results/phase9c/components/pure_vowel_075/tonal_input.wav,/Users/taro252/Docker/TimeStretchLab/results/phase9c/components/pure_vowel_075/noise_input.wav,/Users/taro252/Docker/TimeStretchLab/results/phase9c/components/pure_vowel_075/tonal_output.wav,/Users/taro252/Docker/TimeStretchLab/results/phase9c/components/pure_vowel_075/noise_output.wav,/Users/taro252/Docker/TimeStretchLab/results/phase9c/components/pure_vowel_075/primary_and_tonal.wav,/Users/taro252/Docker/TimeStretchLab/results/phase9c/components/pure_vowel_075/combined.wav,/Users/taro252/Docker/TimeStretchLab/results/phase9c/components/pure_vowel_075/tracks.csv,288000,384000,0.970406,19,19,6.016,0.668784
pure_vowel,0.5,/Users/taro252/Docker/TimeStretchLab/results/phase9a/pure_vowel_input.wav,/Users/taro252/Docker/TimeStretchLab/results/phase9a/pure_vowel_050_phase53.wav,/Users/taro252/Docker/TimeStretchLab/results/phase9a/pure_vowel_050_phase9a.wav,/Users/taro252/Docker/TimeStretchLab/results/phase9c/components/pure_vowel_050/primary.wav,/Users/taro252/Docker/TimeStretchLab/results/phase9c/components/pure_vowel_050/tonal_input.wav,/Users/taro252/Docker/TimeStretchLab/results/phase9c/components/pure_vowel_050/noise_input.wav,/Users/taro252/Docker/TimeStretchLab/results/phase9c/components/pure_vowel_050/tonal_output.wav,/Users/taro252/Docker/TimeStretchLab/results/phase9c/components/pure_vowel_050/noise_output.wav,/Users/taro252/Docker/TimeStretchLab/results/phase9c/components/pure_vowel_050/primary_and_tonal.wav,/Users/taro252/Docker/TimeStretchLab/results/phase9c/components/pure_vowel_050/combined.wav,/Users/taro252/Docker/TimeStretchLab/results/phase9c/components/pure_vowel_050/tracks.csv,288000,576000,0.970406,19,19,6.016,0.827155
breathy_vowel,0.75,/Users/taro252/Docker/TimeStretchLab/results/phase9a/breathy_vowel_input.wav,/Users/taro252/Docker/TimeStretchLab/results/phase9a/breathy_vowel_075_phase53.wav,/Users/taro252/Docker/TimeStretchLab/results/phase9a/breathy_vowel_075_phase9a.wav,/Users/taro252/Docker/TimeStretchLab/results/phase9c/components/breathy_vowel_075/primary.wav,/Users/taro252/Docker/TimeStretchLab/results/phase9c/components/breathy_vowel_075/tonal_input.wav,/Users/taro252/Docker/TimeStretchLab/results/phase9c/components/breathy_vowel_075/noise_input.wav,/Users/taro252/Docker/TimeStretchLab/results/phase9c/components/breathy_vowel_075/tonal_output.wav,/Users/taro252/Docker/TimeStretchLab/results/phase9c/components/breathy_vowel_075/noise_output.wav,/Users/taro252/Docker/TimeStretchLab/results/phase9c/components/breathy_vowel_075/primary_and_tonal.wav,/Users/taro252/Docker/TimeStretchLab/results/phase9c/components/breathy_vowel_075/combined.wav,/Users/taro252/Docker/TimeStretchLab/results/phase9c/components/breathy_vowel_075/tracks.csv,288000,384000,0.145574,1144,1144,0.064,0.848114
breathy_vowel,0.5,/Users/taro252/Docker/TimeStretchLab/results/phase9a/breathy_vowel_input.wav,/Users/taro252/Docker/TimeStretchLab/results/phase9a/breathy_vowel_050_phase53.wav,/Users/taro252/Docker/TimeStretchLab/results/phase9a/breathy_vowel_050_phase9a.wav,/Users/taro252/Docker/TimeStretchLab/results/phase9c/components/breathy_vowel_050/primary.wav,/Users/taro252/Docker/TimeStretchLab/results/phase9c/components/breathy_vowel_050/tonal_input.wav,/Users/taro252/Docker/TimeStretchLab/results/phase9c/components/breathy_vowel_050/noise_input.wav,/Users/taro252/Docker/TimeStretchLab/results/phase9c/components/breathy_vowel_050/tonal_output.wav,/Users/taro252/Docker/TimeStretchLab/results/phase9c/components/breathy_vowel_050/noise_output.wav,/Users/taro252/Docker/TimeStretchLab/results/phase9c/components/breathy_vowel_050/primary_and_tonal.wav,/Users/taro252/Docker/TimeStretchLab/results/phase9c/components/breathy_vowel_050/combined.wav,/Users/taro252/Docker/TimeStretchLab/results/phase9c/components/breathy_vowel_050/tracks.csv,288000,576000,0.145574,1144,1144,0.064,1.06554
female_1,0.75,/Users/taro252/Docker/TimeStretchLab/results/phase9a/female_1_input.wav,/Users/taro252/Docker/TimeStretchLab/results/phase9a/female_1_075_phase53.wav,/Users/taro252/Docker/TimeStretchLab/results/phase9a/female_1_075_phase9a.wav,/Users/taro252/Docker/TimeStretchLab/results/phase9c/components/female_1_075/primary.wav,/Users/taro252/Docker/TimeStretchLab/results/phase9c/components/female_1_075/tonal_input.wav,/Users/taro252/Docker/TimeStretchLab/results/phase9c/components/female_1_075/noise_input.wav,/Users/taro252/Docker/TimeStretchLab/results/phase9c/components/female_1_075/tonal_output.wav,/Users/taro252/Docker/TimeStretchLab/results/phase9c/components/female_1_075/noise_output.wav,/Users/taro252/Docker/TimeStretchLab/results/phase9c/components/female_1_075/primary_and_tonal.wav,/Users/taro252/Docker/TimeStretchLab/results/phase9c/components/female_1_075/combined.wav,/Users/taro252/Docker/TimeStretchLab/results/phase9c/components/female_1_075/tracks.csv,480000,640000,0.640578,1244,1244,0.0426667,0.95391
female_1,0.5,/Users/taro252/Docker/TimeStretchLab/results/phase9a/female_1_input.wav,/Users/taro252/Docker/TimeStretchLab/results/phase9a/female_1_050_phase53.wav,/Users/taro252/Docker/TimeStretchLab/results/phase9a/female_1_050_phase9a.wav,/Users/taro252/Docker/TimeStretchLab/results/phase9c/components/female_1_050/primary.wav,/Users/taro252/Docker/TimeStretchLab/results/phase9c/components/female_1_050/tonal_input.wav,/Users/taro252/Docker/TimeStretchLab/results/phase9c/components/female_1_050/noise_input.wav,/Users/taro252/Docker/TimeStretchLab/results/phase9c/components/female_1_050/tonal_output.wav,/Users/taro252/Docker/TimeStretchLab/results/phase9c/components/female_1_050/noise_output.wav,/Users/taro252/Docker/TimeStretchLab/results/phase9c/components/female_1_050/primary_and_tonal.wav,/Users/taro252/Docker/TimeStretchLab/results/phase9c/components/female_1_050/combined.wav,/Users/taro252/Docker/TimeStretchLab/results/phase9c/components/female_1_050/tracks.csv,480000,960000,0.640578,1244,1244,0.0426667,1.21749
female_2,0.75,/Users/taro252/Docker/TimeStretchLab/results/phase9a/female_2_input.wav,/Users/taro252/Docker/TimeStretchLab/results/phase9a/female_2_075_phase53.wav,/Users/taro252/Docker/TimeStretchLab/results/phase9a/female_2_075_phase9a.wav,/Users/taro252/Docker/TimeStretchLab/results/phase9c/components/female_2_075/primary.wav,/Users/taro252/Docker/TimeStretchLab/results/phase9c/components/female_2_075/tonal_input.wav,/Users/taro252/Docker/TimeStretchLab/results/phase9c/components/female_2_075/noise_input.wav,/Users/taro252/Docker/TimeStretchLab/results/phase9c/components/female_2_075/tonal_output.wav,/Users/taro252/Docker/TimeStretchLab/results/phase9c/components/female_2_075/noise_output.wav,/Users/taro252/Docker/TimeStretchLab/results/phase9c/components/female_2_075/primary_and_tonal.wav,/Users/taro252/Docker/TimeStretchLab/results/phase9c/components/female_2_075/combined.wav,/Users/taro252/Docker/TimeStretchLab/results/phase9c/components/female_2_075/tracks.csv,480000,640000,0.496192,1989,1989,0.0533333,1.1885
female_2,0.5,/Users/taro252/Docker/TimeStretchLab/results/phase9a/female_2_input.wav,/Users/taro252/Docker/TimeStretchLab/results/phase9a/female_2_050_phase53.wav,/Users/taro252/Docker/TimeStretchLab/results/phase9a/female_2_050_phase9a.wav,/Users/taro252/Docker/TimeStretchLab/results/phase9c/components/female_2_050/primary.wav,/Users/taro252/Docker/TimeStretchLab/results/phase9c/components/female_2_050/tonal_input.wav,/Users/taro252/Docker/TimeStretchLab/results/phase9c/components/female_2_050/noise_input.wav,/Users/taro252/Docker/TimeStretchLab/results/phase9c/components/female_2_050/tonal_output.wav,/Users/taro252/Docker/TimeStretchLab/results/phase9c/components/female_2_050/noise_output.wav,/Users/taro252/Docker/TimeStretchLab/results/phase9c/components/female_2_050/primary_and_tonal.wav,/Users/taro252/Docker/TimeStretchLab/results/phase9c/components/female_2_050/combined.wav,/Users/taro252/Docker/TimeStretchLab/results/phase9c/components/female_2_050/tracks.csv,480000,960000,0.496192,1989,1989,0.0533333,1.5345
female_3,0.75,/Users/taro252/Docker/TimeStretchLab/results/phase9a/female_3_input.wav,/Users/taro252/Docker/TimeStretchLab/results/phase9a/female_3_075_phase53.wav,/Users/taro252/Docker/TimeStretchLab/results/phase9a/female_3_075_phase9a.wav,/Users/taro252/Docker/TimeStretchLab/results/phase9c/components/female_3_075/primary.wav,/Users/taro252/Docker/TimeStretchLab/results/phase9c/components/female_3_075/tonal_input.wav,/Users/taro252/Docker/TimeStretchLab/results/phase9c/components/female_3_075/noise_input.wav,/Users/taro252/Docker/TimeStretchLab/results/phase9c/components/female_3_075/tonal_output.wav,/Users/taro252/Docker/TimeStretchLab/results/phase9c/components/female_3_075/noise_output.wav,/Users/taro252/Docker/TimeStretchLab/results/phase9c/components/female_3_075/primary_and_tonal.wav,/Users/taro252/Docker/TimeStretchLab/results/phase9c/components/female_3_075/combined.wav,/Users/taro252/Docker/TimeStretchLab/results/phase9c/components/female_3_075/tracks.csv,480000,640000,0.478917,1353,1353,0.0533333,1.06386
female_3,0.5,/Users/taro252/Docker/TimeStretchLab/results/phase9a/female_3_input.wav,/Users/taro252/Docker/TimeStretchLab/results/phase9a/female_3_050_phase53.wav,/Users/taro252/Docker/TimeStretchLab/results/phase9a/female_3_050_phase9a.wav,/Users/taro252/Docker/TimeStretchLab/results/phase9c/components/female_3_050/primary.wav,/Users/taro252/Docker/TimeStretchLab/results/phase9c/components/female_3_050/tonal_input.wav,/Users/taro252/Docker/TimeStretchLab/results/phase9c/components/female_3_050/noise_input.wav,/Users/taro252/Docker/TimeStretchLab/results/phase9c/components/female_3_050/tonal_output.wav,/Users/taro252/Docker/TimeStretchLab/results/phase9c/components/female_3_050/noise_output.wav,/Users/taro252/Docker/TimeStretchLab/results/phase9c/components/female_3_050/primary_and_tonal.wav,/Users/taro252/Docker/TimeStretchLab/results/phase9c/components/female_3_050/combined.wav,/Users/taro252/Docker/TimeStretchLab/results/phase9c/components/female_3_050/tracks.csv,480000,960000,0.478917,1353,1353,0.0533333,1.34461
male_1,0.75,/Users/taro252/Docker/TimeStretchLab/results/phase9a/male_1_input.wav,/Users/taro252/Docker/TimeStretchLab/results/phase9a/male_1_075_phase53.wav,/Users/taro252/Docker/TimeStretchLab/results/phase9a/male_1_075_phase9a.wav,/Users/taro252/Docker/TimeStretchLab/results/phase9c/components/male_1_075/primary.wav,/Users/taro252/Docker/TimeStretchLab/results/phase9c/components/male_1_075/tonal_input.wav,/Users/taro252/Docker/TimeStretchLab/results/phase9c/components/male_1_075/noise_input.wav,/Users/taro252/Docker/TimeStretchLab/results/phase9c/components/male_1_075/tonal_output.wav,/Users/taro252/Docker/TimeStretchLab/results/phase9c/components/male_1_075/noise_output.wav,/Users/taro252/Docker/TimeStretchLab/results/phase9c/components/male_1_075/primary_and_tonal.wav,/Users/taro252/Docker/TimeStretchLab/results/phase9c/components/male_1_075/combined.wav,/Users/taro252/Docker/TimeStretchLab/results/phase9c/components/male_1_075/tracks.csv,480000,640000,0.347223,2609,2609,0.0426667,1.10606
male_1,0.5,/Users/taro252/Docker/TimeStretchLab/results/phase9a/male_1_input.wav,/Users/taro252/Docker/TimeStretchLab/results/phase9a/male_1_050_phase53.wav,/Users/taro252/Docker/TimeStretchLab/results/phase9a/male_1_050_phase9a.wav,/Users/taro252/Docker/TimeStretchLab/results/phase9c/components/male_1_050/primary.wav,/Users/taro252/Docker/TimeStretchLab/results/phase9c/components/male_1_050/tonal_input.wav,/Users/taro252/Docker/TimeStretchLab/results/phase9c/components/male_1_050/noise_input.wav,/Users/taro252/Docker/TimeStretchLab/results/phase9c/components/male_1_050/tonal_output.wav,/Users/taro252/Docker/TimeStretchLab/results/phase9c/components/male_1_050/noise_output.wav,/Users/taro252/Docker/TimeStretchLab/results/phase9c/components/male_1_050/primary_and_tonal.wav,/Users/taro252/Docker/TimeStretchLab/results/phase9c/components/male_1_050/combined.wav,/Users/taro252/Docker/TimeStretchLab/results/phase9c/components/male_1_050/tracks.csv,480000,960000,0.347223,2609,2609,0.0426667,1.38478
male_2,0.75,/Users/taro252/Docker/TimeStretchLab/results/phase9a/male_2_input.wav,/Users/taro252/Docker/TimeStretchLab/results/phase9a/male_2_075_phase53.wav,/Users/taro252/Docker/TimeStretchLab/results/phase9a/male_2_075_phase9a.wav,/Users/taro252/Docker/TimeStretchLab/results/phase9c/components/male_2_075/primary.wav,/Users/taro252/Docker/TimeStretchLab/results/phase9c/components/male_2_075/tonal_input.wav,/Users/taro252/Docker/TimeStretchLab/results/phase9c/components/male_2_075/noise_input.wav,/Users/taro252/Docker/TimeStretchLab/results/phase9c/components/male_2_075/tonal_output.wav,/Users/taro252/Docker/TimeStretchLab/results/phase9c/components/male_2_075/noise_output.wav,/Users/taro252/Docker/TimeStretchLab/results/phase9c/components/male_2_075/primary_and_tonal.wav,/Users/taro252/Docker/TimeStretchLab/results/phase9c/components/male_2_075/combined.wav,/Users/taro252/Docker/TimeStretchLab/results/phase9c/components/male_2_075/tracks.csv,480000,640000,0.484929,1223,1223,0.0533333,0.954602
male_2,0.5,/Users/taro252/Docker/TimeStretchLab/results/phase9a/male_2_input.wav,/Users/taro252/Docker/TimeStretchLab/results/phase9a/male_2_050_phase53.wav,/Users/taro252/Docker/TimeStretchLab/results/phase9a/male_2_050_phase9a.wav,/Users/taro252/Docker/TimeStretchLab/results/phase9c/components/male_2_050/primary.wav,/Users/taro252/Docker/TimeStretchLab/results/phase9c/components/male_2_050/tonal_input.wav,/Users/taro252/Docker/TimeStretchLab/results/phase9c/components/male_2_050/noise_input.wav,/Users/taro252/Docker/TimeStretchLab/results/phase9c/components/male_2_050/tonal_output.wav,/Users/taro252/Docker/TimeStretchLab/results/phase9c/components/male_2_050/noise_output.wav,/Users/taro252/Docker/TimeStretchLab/results/phase9c/components/male_2_050/primary_and_tonal.wav,/Users/taro252/Docker/TimeStretchLab/results/phase9c/components/male_2_050/combined.wav,/Users/taro252/Docker/TimeStretchLab/results/phase9c/components/male_2_050/tracks.csv,480000,960000,0.484929,1223,1223,0.0533333,1.19832
male_3,0.75,/Users/taro252/Docker/TimeStretchLab/results/phase9a/male_3_input.wav,/Users/taro252/Docker/TimeStretchLab/results/phase9a/male_3_075_phase53.wav,/Users/taro252/Docker/TimeStretchLab/results/phase9a/male_3_075_phase9a.wav,/Users/taro252/Docker/TimeStretchLab/results/phase9c/components/male_3_075/primary.wav,/Users/taro252/Docker/TimeStretchLab/results/phase9c/components/male_3_075/tonal_input.wav,/Users/taro252/Docker/TimeStretchLab/results/phase9c/components/male_3_075/noise_input.wav,/Users/taro252/Docker/TimeStretchLab/results/phase9c/components/male_3_075/tonal_output.wav,/Users/taro252/Docker/TimeStretchLab/results/phase9c/components/male_3_075/noise_output.wav,/Users/taro252/Docker/TimeStretchLab/results/phase9c/components/male_3_075/primary_and_tonal.wav,/Users/taro252/Docker/TimeStretchLab/results/phase9c/components/male_3_075/combined.wav,/Users/taro252/Docker/TimeStretchLab/results/phase9c/components/male_3_075/tracks.csv,480000,640000,0.321681,1342,1342,0.0533333,1.08164
male_3,0.5,/Users/taro252/Docker/TimeStretchLab/results/phase9a/male_3_input.wav,/Users/taro252/Docker/TimeStretchLab/results/phase9a/male_3_050_phase53.wav,/Users/taro252/Docker/TimeStretchLab/results/phase9a/male_3_050_phase9a.wav,/Users/taro252/Docker/TimeStretchLab/results/phase9c/components/male_3_050/primary.wav,/Users/taro252/Docker/TimeStretchLab/results/phase9c/components/male_3_050/tonal_input.wav,/Users/taro252/Docker/TimeStretchLab/results/phase9c/components/male_3_050/noise_input.wav,/Users/taro252/Docker/TimeStretchLab/results/phase9c/components/male_3_050/tonal_output.wav,/Users/taro252/Docker/TimeStretchLab/results/phase9c/components/male_3_050/noise_output.wav,/Users/taro252/Docker/TimeStretchLab/results/phase9c/components/male_3_050/primary_and_tonal.wav,/Users/taro252/Docker/TimeStretchLab/results/phase9c/components/male_3_050/combined.wav,/Users/taro252/Docker/TimeStretchLab/results/phase9c/components/male_3_050/tracks.csv,480000,960000,0.321681,1342,1342,0.0533333,1.38591
