name,speed,input_rms,primary_rms,tonal_input_rms,noise_input_rms,tonal_output_rms,noise_output_rms,primary_energy_over_input,tonal_input_energy_over_input,noise_input_energy_over_input,tonal_output_energy_over_input,noise_output_energy_over_input
pure_vowel,0.75,0.050096631022790696,0.04987009761603156,0.005496309182125167,0.0008056435683319352,0.005625656239320143,0.00034810730382336095,0.9909765899160053,0.012037194235402287,0.0002586240135934391,0.01261041386145978,4.828466578020939e-05
pure_vowel,0.5,0.050096631022790696,0.04986971946513102,0.005496309182125167,0.0008056435683319352,0.005629398487635412,0.00026919035317121904,0.9909615613803882,0.012037194235402287,0.0002586240135934391,0.012627196613233155,2.8873666973547033e-05
breathy_vowel,0.75,0.05232874042279101,0.0500133350990547,0.004799217437052938,0.014075021060886083,0.007235353409190517,0.00992311350815045,0.9134632291232928,0.008411245158467874,0.07234650313449682,0.01911784497322808,0.03595964171386218
breathy_vowel,0.5,0.05232874042279101,0.0500126121787319,0.004799217437052938,0.014075021060886083,0.00908595870534957,0.009970618146655652,0.9134368219117543,0.008411245158467874,0.07234650313449682,0.030148169960103985,0.036304762971768344
female_1,0.75,0.13297698321259455,0.12415319017357825,0.031375746053522224,0.021191462038903264,0.041470607286071576,0.014235856514182845,0.8716915071295056,0.05567178808982103,0.025396208790940403,0.09725856064943977,0.011460782003654284
female_1,0.5,0.13297698321259455,0.124151314717005,0.031375746053522224,0.021191462038903264,0.04215201730508354,0.011760503848786704,0.8716651718059133,0.05567178808982103,0.025396208790940403,0.1004809599673119,0.00782165947614506
female_2,0.75,0.17591808564090075,0.15982216925170215,0.04177236520559413,0.04219612528736945,0.061144766652808456,0.030604917332970896,0.8253783278859738,0.05638416481575554,0.05753394656040548,0.12080853092707586,0.030266446932961842
female_2,0.5,0.17591808564090075,0.159827540850054,0.04177236520559413,0.04219612528736945,0.06352932008440762,0.025738757258924168,0.8254338104938349,0.05638416481575554,0.05753394656040548,0.13041496647284545,0.02140691908517305
female_3,0.75,0.21297228472983856,0.1827194944274036,0.05296796111225896,0.0563177847695056,0.07651053616290929,0.04120334559735098,0.7360775800504363,0.06185578632774173,0.06992700820371824,0.12906138187910965,0.037429909929059604
female_3,0.5,0.21297228472983856,0.18273974810633442,0.05296796111225896,0.0563177847695056,0.08240493363578123,0.04138824888839633,0.7362407712335218,0.06185578632774173,0.06992700820371824,0.14971325338332156,0.0377666031030657
male_1,0.75,0.022847738833908806,0.021525926897794704,0.0031923775172140074,0.005100384267067608,0.004644613217651865,0.003803782861682922,0.8876408292951267,0.01952279686563748,0.049833265089854764,0.04132498036216066,0.02771692093942134
male_1,0.5,0.022847738833908806,0.02155126473906159,0.0031923775172140074,0.005100384267067608,0.005909056434734071,0.003922224730044657,0.8897317161954852,0.01952279686563748,0.049833265089854764,0.0668882484923772,0.029469888698157684
male_2,0.75,0.0760768155966625,0.06955656065370494,0.015344395003311589,0.016046840189964388,0.022929435056937154,0.011613157818984355,0.8359331486307005,0.040681306134679594,0.04449122909776409,0.09084103164599268,0.023302150589296026
male_2,0.5,0.0760768155966625,0.06959913799443777,0.015344395003311589,0.016046840189964388,0.024797193030513594,0.010106280449211101,0.8369568537561687,0.040681306134679594,0.04449122909776409,0.10624301678340149,0.017647290709615408
male_3,0.75,0.06274863800296163,0.05772001854713479,0.00940108281643544,0.016132062632346872,0.014691205916374224,0.011588159342491052,0.8461440730020158,0.022446423354825797,0.06609539337558995,0.05481586663986922,0.0341051771249475
male_3,0.5,0.06274863800296163,0.05770841281075214,0.00940108281643544,0.016132062632346872,0.016444148245646426,0.011813048151178448,0.8458038396467175,0.022446423354825797,0.06609539337558995,0.06867744968543946,0.03544176495978616
