name,speed,mode,original_file,original_rms,original_peak,original_lufs,applied_gain_db,common_safety_gain_db,matched_file,matched_rms,matched_peak,matched_lufs
pure_vowel,0.75,phase53,/Users/taro252/Docker/TimeStretchLab/results/phase9a/pure_vowel_075_phase53.wav,0.0499996566071076,0.16491225361824036,-26.47,-0.030000000000001137,0,/Users/taro252/Docker/TimeStretchLab/results/phase9c/matched_lufs/pure_vowel_075_phase53.wav,0.04982726327519591,0.16434365510940552,-26.5
pure_vowel,0.75,phase9a,/Users/taro252/Docker/TimeStretchLab/results/phase9a/pure_vowel_075_phase9a.wav,0.04988028101895632,0.16597358882427216,-26.5,0.0,0,/Users/taro252/Docker/TimeStretchLab/results/phase9c/matched_lufs/pure_vowel_075_phase9a.wav,0.04988028101895632,0.16597358882427216,-26.5
pure_vowel,0.75,phase9c,/Users/taro252/Docker/TimeStretchLab/results/phase9c/components/pure_vowel_075/combined.wav,0.05099662082950629,0.1784069836139679,-26.3,-0.1999999999999993,0,/Users/taro252/Docker/TimeStretchLab/results/phase9c/matched_lufs/pure_vowel_075_phase9c.wav,0.04983579620407616,0.1743459403514862,-26.5
pure_vowel,0.5,phase53,/Users/taro252/Docker/TimeStretchLab/results/phase9a/pure_vowel_050_phase53.wav,0.04997790589233681,0.18075351417064667,-26.46,-0.41999999999999815,0,/Users/taro252/Docker/TimeStretchLab/results/phase9c/matched_lufs/pure_vowel_050_phase53.wav,0.04761875687842165,0.17222125828266144,-26.88
pure_vowel,0.5,phase9a,/Users/taro252/Docker/TimeStretchLab/results/phase9a/pure_vowel_050_phase9a.wav,0.04987357371541211,0.18024682998657227,-26.49,-0.39000000000000057,0,/Users/taro252/Docker/TimeStretchLab/results/phase9c/matched_lufs/pure_vowel_050_phase9a.wav,0.04768376051373672,0.17233267426490784,-26.88
pure_vowel,0.5,phase9c,/Users/taro252/Docker/TimeStretchLab/results/phase9c/components/pure_vowel_050/combined.wav,0.04781206852665071,0.1888221651315689,-26.88,0.0,0,/Users/taro252/Docker/TimeStretchLab/results/phase9c/matched_lufs/pure_vowel_050_phase9c.wav,0.04781206852665071,0.1888221651315689,-26.88
breathy_vowel,0.75,phase53,/Users/taro252/Docker/TimeStretchLab/results/phase9a/breathy_vowel_075_phase53.wav,0.052055350941898705,0.21213717758655548,-25.75,-0.33999999999999986,0,/Users/taro252/Docker/TimeStretchLab/results/phase9c/matched_lufs/breathy_vowel_075_phase53.wav,0.050057064929490046,0.20399372279644012,-26.09
breathy_vowel,0.75,phase9a,/Users/taro252/Docker/TimeStretchLab/results/phase9a/breathy_vowel_075_phase9a.wav,0.0510112654313585,0.19410589337348938,-26.09,0.0,0,/Users/taro252/Docker/TimeStretchLab/results/phase9c/matched_lufs/breathy_vowel_075_phase9a.wav,0.0510112654313585,0.19410589337348938,-26.09
breathy_vowel,0.75,phase9c,/Users/taro252/Docker/TimeStretchLab/results/phase9c/components/breathy_vowel_075/combined.wav,0.05232879666862357,0.20472873747348785,-25.85,-0.23999999999999844,0,/Users/taro252/Docker/TimeStretchLab/results/phase9c/matched_lufs/breathy_vowel_075_phase9c.wav,0.050902690790980865,0.19914931058883667,-26.1
breathy_vowel,0.5,phase53,/Users/taro252/Docker/TimeStretchLab/results/phase9a/breathy_vowel_050_phase53.wav,0.05200703226403114,0.22253715991973877,-25.75,-0.8500000000000014,0,/Users/taro252/Docker/TimeStretchLab/results/phase9c/matched_lufs/breathy_vowel_050_phase53.wav,0.04715872615911158,0.20179134607315063,-26.6
breathy_vowel,0.5,phase9a,/Users/taro252/Docker/TimeStretchLab/results/phase9a/breathy_vowel_050_phase9a.wav,0.05101121014792785,0.20667247474193573,-26.08,-0.5200000000000031,0,/Users/taro252/Docker/TimeStretchLab/results/phase9c/matched_lufs/breathy_vowel_050_phase9a.wav,0.04804692750877127,0.1946626454591751,-26.59
breathy_vowel,0.5,phase9c,/Users/taro252/Docker/TimeStretchLab/results/phase9c/components/breathy_vowel_050/combined.wav,0.04792015328734839,0.21444086730480194,-26.6,0.0,0,/Users/taro252/Docker/TimeStretchLab/results/phase9c/matched_lufs/breathy_vowel_050_phase9c.wav,0.04792015328734839,0.21444086730480194,-26.6
female_1,0.75,phase53,/Users/taro252/Docker/TimeStretchLab/results/phase9a/female_1_075_phase53.wav,0.13047976416127394,0.8065376281738281,-13.99,-0.40000000000000036,0,/Users/taro252/Docker/TimeStretchLab/results/phase9c/matched_lufs/female_1_075_phase53.wav,0.12460720821200369,0.7702374458312988,-14.39
female_1,0.75,phase9a,/Users/taro252/Docker/TimeStretchLab/results/phase9a/female_1_075_phase9a.wav,0.12505117080342917,0.6998365521430969,-14.39,0.0,0,/Users/taro252/Docker/TimeStretchLab/results/phase9c/matched_lufs/female_1_075_phase9a.wav,0.12505117080342917,0.6998365521430969,-14.39
female_1,0.75,phase9c,/Users/taro252/Docker/TimeStretchLab/results/phase9c/components/female_1_075/combined.wav,0.13287365052477187,0.7992644906044006,-14.02,-0.370000000000001,0,/Users/taro252/Docker/TimeStretchLab/results/phase9c/matched_lufs/female_1_075_phase9c.wav,0.12733238294200558,0.765932559967041,-14.38
female_1,0.5,phase53,/Users/taro252/Docker/TimeStretchLab/results/phase9a/female_1_050_phase53.wav,0.13025796802766496,0.7287055850028992,-13.71,-0.41999999999999993,0,/Users/taro252/Docker/TimeStretchLab/results/phase9c/matched_lufs/female_1_050_phase53.wav,0.12410929190426757,0.6943078637123108,-14.13
female_1,0.5,phase9a,/Users/taro252/Docker/TimeStretchLab/results/phase9a/female_1_050_phase9a.wav,0.12515444867104167,0.6193090677261353,-14.13,0.0,0,/Users/taro252/Docker/TimeStretchLab/results/phase9c/matched_lufs/female_1_050_phase9a.wav,0.12515444867104167,0.6193090677261353,-14.13
female_1,0.5,phase9c,/Users/taro252/Docker/TimeStretchLab/results/phase9c/components/female_1_050/combined.wav,0.13207575944640176,0.7865325808525085,-13.52,-0.6100000000000012,0,/Users/taro252/Docker/TimeStretchLab/results/phase9c/matched_lufs/female_1_050_phase9c.wav,0.12311844276701804,0.7331902980804443,-14.13
female_2,0.75,phase53,/Users/taro252/Docker/TimeStretchLab/results/phase9a/female_2_075_phase53.wav,0.17336777343193804,1.2089232206344604,-12.29,-3.0595957643316556,-2.4795957643316555,/Users/taro252/Docker/TimeStretchLab/results/phase9c/matched_lufs/female_2_075_phase53.wav,0.1218957539689611,0.8500000238418579,-15.34
female_2,0.75,phase9a,/Users/taro252/Docker/TimeStretchLab/results/phase9a/female_2_075_phase9a.wav,0.16215702703067417,0.9812168478965759,-12.87,-2.4795957643316555,-2.4795957643316555,/Users/taro252/Docker/TimeStretchLab/results/phase9c/matched_lufs/female_2_075_phase9a.wav,0.1218866109145113,0.7375394105911255,-15.34
female_2,0.75,phase9c,/Users/taro252/Docker/TimeStretchLab/results/phase9c/components/female_2_075/combined.wav,0.1788311923636145,1.1042205095291138,-11.67,-3.679595764331655,-2.4795957643316555,/Users/taro252/Docker/TimeStretchLab/results/phase9c/matched_lufs/female_2_075_phase9c.wav,0.11707481980316621,0.7228963375091553,-15.36
female_2,0.5,phase53,/Users/taro252/Docker/TimeStretchLab/results/phase9a/female_2_050_phase53.wav,0.17291896013172478,1.25645911693573,-12.03,-3.394589022448652,-2.8745890224486508,/Users/taro252/Docker/TimeStretchLab/results/phase9c/matched_lufs/female_2_050_phase53.wav,0.1169804121792901,0.8499999642372131,-15.43
female_2,0.5,phase9a,/Users/taro252/Docker/TimeStretchLab/results/phase9a/female_2_050_phase9a.wav,0.16219276435557378,0.9428656101226807,-12.55,-2.8745890224486508,-2.8745890224486508,/Users/taro252/Docker/TimeStretchLab/results/phase9c/matched_lufs/female_2_050_phase9a.wav,0.1164935861030487,0.6772052645683289,-15.42
female_2,0.5,phase9c,/Users/taro252/Docker/TimeStretchLab/results/phase9c/components/female_2_050/combined.wav,0.17136509568725283,0.9994157552719116,-12.26,-3.1645890224486517,-2.8745890224486508,/Users/taro252/Docker/TimeStretchLab/results/phase9c/matched_lufs/female_2_050_phase9c.wav,0.11903999867208187,0.6942513585090637,-15.4
female_3,0.75,phase53,/Users/taro252/Docker/TimeStretchLab/results/phase9a/female_3_075_phase53.wav,0.20746653024542372,1.0219941139221191,-12.02,-2.5365299294359502,-1.62652992943595,/Users/taro252/Docker/TimeStretchLab/results/phase9c/matched_lufs/female_3_075_phase53.wav,0.1549250125831881,0.7631710767745972,-14.61
female_3,0.75,phase9a,/Users/taro252/Docker/TimeStretchLab/results/phase9a/female_3_075_phase9a.wav,0.1875504169534836,0.9336923360824585,-12.93,-1.62652992943595,-1.62652992943595,/Users/taro252/Docker/TimeStretchLab/results/phase9c/matched_lufs/female_3_075_phase9a.wav,0.15552189763563895,0.7742430567741394,-14.55
female_3,0.75,phase9c,/Users/taro252/Docker/TimeStretchLab/results/phase9c/components/female_3_075/combined.wav,0.20150774341478844,1.1034315824508667,-12.29,-2.2665299294359507,-1.62652992943595,/Users/taro252/Docker/TimeStretchLab/results/phase9c/matched_lufs/female_3_075_phase9c.wav,0.155226273327708,0.8499999642372131,-14.56
female_3,0.5,phase53,/Users/taro252/Docker/TimeStretchLab/results/phase9a/female_3_050_phase53.wav,0.20620404688031568,1.1217325925827026,-11.69,-2.4380865221685992,-1.5980865221685976,/Users/taro252/Docker/TimeStretchLab/results/phase9c/matched_lufs/female_3_050_phase53.wav,0.15573738383826966,0.8471981883049011,-14.18
female_3,0.5,phase9a,/Users/taro252/Docker/TimeStretchLab/results/phase9a/female_3_050_phase9a.wav,0.18801604046157785,0.9554849863052368,-12.57,-1.5980865221685976,-1.5980865221685976,/Users/taro252/Docker/TimeStretchLab/results/phase9c/matched_lufs/female_3_050_phase9a.wav,0.15641938619044632,0.7949128746986389,-14.17
female_3,0.5,phase9c,/Users/taro252/Docker/TimeStretchLab/results/phase9c/components/female_3_050/combined.wav,0.2067564617393485,1.1202714443206787,-11.77,-2.3980865221685983,-1.5980865221685976,/Users/taro252/Docker/TimeStretchLab/results/phase9c/matched_lufs/female_3_050_phase9c.wav,0.1568753729818828,0.8500000238418579,-14.17
male_1,0.75,phase53,/Users/taro252/Docker/TimeStretchLab/results/phase9a/male_1_075_phase53.wav,0.022564613032885584,0.23556417226791382,-26.48,-0.3200000000000003,0,/Users/taro252/Docker/TimeStretchLab/results/phase9c/matched_lufs/male_1_075_phase53.wav,0.021748429330376184,0.22704358398914337,-26.79
male_1,0.75,phase9a,/Users/taro252/Docker/TimeStretchLab/results/phase9a/male_1_075_phase9a.wav,0.021830460980729823,0.19006963074207306,-26.8,0.0,0,/Users/taro252/Docker/TimeStretchLab/results/phase9c/matched_lufs/male_1_075_phase9a.wav,0.021830460980729823,0.19006963074207306,-26.8
male_1,0.75,phase9c,/Users/taro252/Docker/TimeStretchLab/results/phase9c/components/male_1_075/combined.wav,0.022529877550861905,0.21578574180603027,-26.51,-0.28999999999999915,0,/Users/taro252/Docker/TimeStretchLab/results/phase9c/matched_lufs/male_1_075_phase9c.wav,0.0217900806683528,0.20870015025138855,-26.81
male_1,0.5,phase53,/Users/taro252/Docker/TimeStretchLab/results/phase9a/male_1_050_phase53.wav,0.021873811238153452,0.2377835214138031,-26.55,0.0,0,/Users/taro252/Docker/TimeStretchLab/results/phase9c/matched_lufs/male_1_050_phase53.wav,0.021873811238153452,0.2377835214138031,-26.55
male_1,0.5,phase9a,/Users/taro252/Docker/TimeStretchLab/results/phase9a/male_1_050_phase9a.wav,0.021855008508328753,0.21945233643054962,-26.5,-0.05000000000000071,0,/Users/taro252/Docker/TimeStretchLab/results/phase9c/matched_lufs/male_1_050_phase9a.wav,0.021729562346499046,0.2181926965713501,-26.53
male_1,0.5,phase9c,/Users/taro252/Docker/TimeStretchLab/results/phase9c/components/male_1_050/combined.wav,0.022600974362247693,0.21578554809093475,-26.24,-0.3100000000000023,0,/Users/taro252/Docker/TimeStretchLab/results/phase9c/matched_lufs/male_1_050_phase9c.wav,0.021808568295433352,0.2082199603319168,-26.54
male_2,0.75,phase53,/Users/taro252/Docker/TimeStretchLab/results/phase9a/male_2_075_phase53.wav,0.07406755476369804,0.5079878568649292,-22.31,-0.6600000000000001,0,/Users/taro252/Docker/TimeStretchLab/results/phase9c/matched_lufs/male_2_075_phase53.wav,0.06864801805739994,0.47081828117370605,-22.98
male_2,0.75,phase9a,/Users/taro252/Docker/TimeStretchLab/results/phase9a/male_2_075_phase9a.wav,0.0705809393727784,0.4020683765411377,-22.97,0.0,0,/Users/taro252/Docker/TimeStretchLab/results/phase9c/matched_lufs/male_2_075_phase9a.wav,0.0705809393727784,0.4020683765411377,-22.97
male_2,0.75,phase9c,/Users/taro252/Docker/TimeStretchLab/results/phase9c/components/male_2_075/combined.wav,0.07529880141227112,0.4775881767272949,-22.41,-0.5599999999999987,0,/Users/taro252/Docker/TimeStretchLab/results/phase9c/matched_lufs/male_2_075_phase9c.wav,0.07059729400605992,0.44776850938796997,-22.97
male_2,0.5,phase53,/Users/taro252/Docker/TimeStretchLab/results/phase9a/male_2_050_phase53.wav,0.0740428354667903,0.6076061129570007,-22.09,-0.7100000000000009,0,/Users/taro252/Docker/TimeStretchLab/results/phase9c/matched_lufs/male_2_050_phase53.wav,0.06823120308923036,0.5599150061607361,-22.79
male_2,0.5,phase9a,/Users/taro252/Docker/TimeStretchLab/results/phase9a/male_2_050_phase9a.wav,0.07064264390492339,0.44741320610046387,-22.8,0.0,0,/Users/taro252/Docker/TimeStretchLab/results/phase9c/matched_lufs/male_2_050_phase9a.wav,0.07064264390492339,0.44741320610046387,-22.8
male_2,0.5,phase9c,/Users/taro252/Docker/TimeStretchLab/results/phase9c/components/male_2_050/combined.wav,0.07260858908122121,0.44155406951904297,-22.42,-0.379999999999999,0,/Users/taro252/Docker/TimeStretchLab/results/phase9c/matched_lufs/male_2_050_phase9c.wav,0.0695005123446084,0.4226529598236084,-22.8
male_3,0.75,phase53,/Users/taro252/Docker/TimeStretchLab/results/phase9a/male_3_075_phase53.wav,0.06161288414847917,0.35311782360076904,-24.26,-0.5299999999999976,0,/Users/taro252/Docker/TimeStretchLab/results/phase9c/matched_lufs/male_3_075_phase53.wav,0.0579657619989802,0.3322153091430664,-24.78
male_3,0.75,phase9a,/Users/taro252/Docker/TimeStretchLab/results/phase9a/male_3_075_phase9a.wav,0.05868393945730077,0.29412001371383667,-24.79,0.0,0,/Users/taro252/Docker/TimeStretchLab/results/phase9c/matched_lufs/male_3_075_phase9a.wav,0.05868393945730077,0.29412001371383667,-24.79
male_3,0.75,phase9c,/Users/taro252/Docker/TimeStretchLab/results/phase9c/components/male_3_075/combined.wav,0.060553700606703696,0.3712194561958313,-24.47,-0.3200000000000003,0,/Users/taro252/Docker/TimeStretchLab/results/phase9c/matched_lufs/male_3_075_phase9c.wav,0.05836341515634457,0.35779207944869995,-24.79
male_3,0.5,phase53,/Users/taro252/Docker/TimeStretchLab/results/phase9a/male_3_050_phase53.wav,0.06103632384403947,0.333535760641098,-24.3,-0.5,0,/Users/taro252/Docker/TimeStretchLab/results/phase9c/matched_lufs/male_3_050_phase53.wav,0.057622004503183076,0.31487804651260376,-24.8
male_3,0.5,phase9a,/Users/taro252/Docker/TimeStretchLab/results/phase9a/male_3_050_phase9a.wav,0.05866127241192564,0.3245779573917389,-24.8,0.0,0,/Users/taro252/Docker/TimeStretchLab/results/phase9c/matched_lufs/male_3_050_phase9a.wav,0.05866127241192564,0.3245779573917389,-24.8
male_3,0.5,phase9c,/Users/taro252/Docker/TimeStretchLab/results/phase9c/components/male_3_050/combined.wav,0.06145889117044111,0.40119078755378723,-24.22,-0.5800000000000018,0,/Users/taro252/Docker/TimeStretchLab/results/phase9c/matched_lufs/male_3_050_phase9c.wav,0.05748899537307673,0.3752761483192444,-24.81
