name,speed,component,file,source_rms,primary_rms,harmonic_variation_std,f0_method,f0_median_hz,valid_frames,harmonic_energy_ratio,spectral_flatness_median,top10_power_ratio_median,rms,rms_over_source,peak
pure_vowel,0.75,tonal_input,/Users/taro252/Docker/TimeStretchLab/results/phase9c/components/pure_vowel_075/tonal_input.wav,0.050096631022790696,0.04987009761603156,0.004948775274096932,known synthetic F0,164.97445282996,137,0.9769154318995475,2.566545702209964e-07,0.5414748957003466,0.005496309182125167,0.10971414783391305,0.034660857170820236
pure_vowel,0.75,noise_input,/Users/taro252/Docker/TimeStretchLab/results/phase9c/components/pure_vowel_075/noise_input.wav,0.050096631022790696,0.04987009761603156,0.04073000444614264,known synthetic F0,164.97445282996,137,0.6139819745871367,3.89625805458026e-06,0.5408399365171899,0.0008056435683319352,0.016081791367354388,0.06008380651473999
pure_vowel,0.75,tonal_output,/Users/taro252/Docker/TimeStretchLab/results/phase9c/components/pure_vowel_075/tonal_output.wav,0.050096631022790696,0.04987009761603156,0.009007019830232109,known synthetic F0,164.96168296919598,184,0.9851537240806874,1.6037989415702032e-07,0.5865731125225838,0.005625656239320143,0.11229609904603248,0.04328799992799759
pure_vowel,0.75,noise_output,/Users/taro252/Docker/TimeStretchLab/results/phase9c/components/pure_vowel_075/noise_output.wav,0.050096631022790696,0.04987009761603156,0.08021510880171093,known synthetic F0,164.96168296919598,184,0.3183230605844102,1.4782497424912899e-05,0.4856853366225935,0.00034810730382336095,0.006948716844013845,0.012792641296982765
pure_vowel,0.5,tonal_input,/Users/taro252/Docker/TimeStretchLab/results/phase9c/components/pure_vowel_050/tonal_input.wav,0.050096631022790696,0.04986971946513102,0.004948775274096932,known synthetic F0,164.97445282996,137,0.9769154318995475,2.566545702209964e-07,0.5414748957003466,0.005496309182125167,0.10971414783391305,0.034660857170820236
pure_vowel,0.5,noise_input,/Users/taro252/Docker/TimeStretchLab/results/phase9c/components/pure_vowel_050/noise_input.wav,0.050096631022790696,0.04986971946513102,0.04073000444614264,known synthetic F0,164.97445282996,137,0.6139819745871367,3.89625805458026e-06,0.5408399365171899,0.0008056435683319352,0.016081791367354388,0.06008380651473999
pure_vowel,0.5,tonal_output,/Users/taro252/Docker/TimeStretchLab/results/phase9c/components/pure_vowel_050/tonal_output.wav,0.050096631022790696,0.04986971946513102,0.008683700594631222,known synthetic F0,164.968067899578,278,0.9950521700553274,1.3100459879775964e-07,0.571979640751951,0.005629398487635412,0.11237079964443183,0.03632940351963043
pure_vowel,0.5,noise_output,/Users/taro252/Docker/TimeStretchLab/results/phase9c/components/pure_vowel_050/noise_output.wav,0.050096631022790696,0.04986971946513102,0.08877651006136411,known synthetic F0,164.968067899578,278,0.23066632380500016,1.8513729867825144e-05,0.4734413348118155,0.00026919035317121904,0.005373422277505679,0.011035541072487831
breathy_vowel,0.75,tonal_input,/Users/taro252/Docker/TimeStretchLab/results/phase9c/components/breathy_vowel_075/tonal_input.wav,0.05232874042279101,0.0500133350990547,0.03309926804653933,known synthetic F0,164.97445282996,137,0.8848700383398048,0.019411759140428243,0.4417686610416645,0.004799217437052938,0.09171284074842735,0.03224064037203789
breathy_vowel,0.75,noise_input,/Users/taro252/Docker/TimeStretchLab/results/phase9c/components/breathy_vowel_075/noise_input.wav,0.05232874042279101,0.0500133350990547,0.03268183851990537,known synthetic F0,164.97445282996,137,0.1315528092373374,0.5149790156980605,0.04786263286015104,0.014075021060886083,0.268973052798476,0.07143337279558182
breathy_vowel,0.75,tonal_output,/Users/taro252/Docker/TimeStretchLab/results/phase9c/components/breathy_vowel_075/tonal_output.wav,0.05232874042279101,0.0500133350990547,0.04451372174467599,known synthetic F0,164.96168296919598,184,0.8919535341213936,0.013135608620215795,0.48468133902076926,0.007235353409190517,0.13826729538288293,0.05963345617055893
breathy_vowel,0.75,noise_output,/Users/taro252/Docker/TimeStretchLab/results/phase9c/components/breathy_vowel_075/noise_output.wav,0.05232874042279101,0.0500133350990547,0.03804414956258117,known synthetic F0,164.96168296919598,184,0.14092503431926104,0.44682981704725094,0.0663955480708657,0.00992311350815045,0.18963027636031068,0.04651234298944473
breathy_vowel,0.5,tonal_input,/Users/taro252/Docker/TimeStretchLab/results/phase9c/components/breathy_vowel_050/tonal_input.wav,0.05232874042279101,0.0500126121787319,0.03309926804653933,known synthetic F0,164.97445282996,137,0.8848700383398048,0.019411759140428243,0.4417686610416645,0.004799217437052938,0.09171284074842735,0.03224064037203789
breathy_vowel,0.5,noise_input,/Users/taro252/Docker/TimeStretchLab/results/phase9c/components/breathy_vowel_050/noise_input.wav,0.05232874042279101,0.0500126121787319,0.03268183851990537,known synthetic F0,164.97445282996,137,0.1315528092373374,0.5149790156980605,0.04786263286015104,0.014075021060886083,0.268973052798476,0.07143337279558182
breathy_vowel,0.5,tonal_output,/Users/taro252/Docker/TimeStretchLab/results/phase9c/components/breathy_vowel_050/tonal_output.wav,0.05232874042279101,0.0500126121787319,0.06498547339683337,known synthetic F0,164.968067899578,278,0.9193307847905051,0.007486621358571298,0.455787180788929,0.00908595870534957,0.17363228374628875,0.0653330385684967
breathy_vowel,0.5,noise_output,/Users/taro252/Docker/TimeStretchLab/results/phase9c/components/breathy_vowel_050/noise_output.wav,0.05232874042279101,0.0500126121787319,0.04245649064605822,known synthetic F0,164.968067899578,278,0.13307462865071865,0.4126275468092939,0.07236187238458741,0.009970618146655652,0.1905380879781803,0.04764220118522644
female_1,0.75,tonal_input,/Users/taro252/Docker/TimeStretchLab/results/phase9c/components/female_1_075/tonal_input.wav,0.13297698321259455,0.12415319017357825,0.23061942380999448,harmonic-comb input estimate,364.0,231,0.7164055379253197,8.38700772901425e-05,0.7603767110243884,0.031375746053522224,0.23594869800230667,0.32956042885780334
female_1,0.75,noise_input,/Users/taro252/Docker/TimeStretchLab/results/phase9c/components/female_1_075/noise_input.wav,0.13297698321259455,0.12415319017357825,0.1689117673947563,harmonic-comb input estimate,364.0,231,0.23865125193964115,0.010782963192670135,0.415217818027643,0.021191462038903264,0.15936187997936782,0.4673753082752228
female_1,0.75,tonal_output,/Users/taro252/Docker/TimeStretchLab/results/phase9c/components/female_1_075/tonal_output.wav,0.13297698321259455,0.12415319017357825,0.2655120542014519,harmonic-comb input estimate,362.5,309,0.6927014311423135,6.773451339183513e-05,0.8010296396956533,0.041470607286071576,0.31186304790400704,0.4630756974220276
female_1,0.75,noise_output,/Users/taro252/Docker/TimeStretchLab/results/phase9c/components/female_1_075/noise_output.wav,0.13297698321259455,0.12415319017357825,0.16408693778342381,harmonic-comb input estimate,362.5,309,0.2522988413015367,0.009353128096684432,0.42554917081347654,0.014235856514182845,0.1070550419339599,0.22094815969467163
female_1,0.5,tonal_input,/Users/taro252/Docker/TimeStretchLab/results/phase9c/components/female_1_050/tonal_input.wav,0.13297698321259455,0.124151314717005,0.23061942380999448,harmonic-comb input estimate,364.0,231,0.7164055379253197,8.38700772901425e-05,0.7603767110243884,0.031375746053522224,0.23594869800230667,0.32956042885780334
female_1,0.5,noise_input,/Users/taro252/Docker/TimeStretchLab/results/phase9c/components/female_1_050/noise_input.wav,0.13297698321259455,0.124151314717005,0.1689117673947563,harmonic-comb input estimate,364.0,231,0.23865125193964115,0.010782963192670135,0.415217818027643,0.021191462038903264,0.15936187997936782,0.4673753082752228
female_1,0.5,tonal_output,/Users/taro252/Docker/TimeStretchLab/results/phase9c/components/female_1_050/tonal_output.wav,0.13297698321259455,0.124151314717005,0.2768729942780082,harmonic-comb input estimate,364.0,465,0.7858622916374037,3.0224395666672038e-05,0.8066236437558122,0.04215201730508354,0.3169873183043774,0.4853125810623169
female_1,0.5,noise_output,/Users/taro252/Docker/TimeStretchLab/results/phase9c/components/female_1_050/noise_output.wav,0.13297698321259455,0.124151314717005,0.16411092664794064,harmonic-comb input estimate,364.0,465,0.24929668300667804,0.008042253717818904,0.41361061408997174,0.011760503848786704,0.08844014629130495,0.2201196253299713
female_2,0.75,tonal_input,/Users/taro252/Docker/TimeStretchLab/results/phase9c/components/female_2_075/tonal_input.wav,0.17591808564090075,0.15982216925170215,0.21609910170644875,harmonic-comb input estimate,362.0,231,0.7039804146302986,0.0020530148758393877,0.5542905238027771,0.04177236520559413,0.23745350032188306,0.3748578727245331
female_2,0.75,noise_input,/Users/taro252/Docker/TimeStretchLab/results/phase9c/components/female_2_075/noise_input.wav,0.17591808564090075,0.15982216925170215,0.08870904316646423,harmonic-comb input estimate,362.0,231,0.11041642331478677,0.050988119730320164,0.32730024771885824,0.04219612528736945,0.2398623491916799,0.8862985968589783
female_2,0.75,tonal_output,/Users/taro252/Docker/TimeStretchLab/results/phase9c/components/female_2_075/tonal_output.wav,0.17591808564090075,0.15982216925170215,0.2595904988332445,harmonic-comb input estimate,355.0,309,0.6478160461878242,0.0012531339692595008,0.5912182379469153,0.061144766652808456,0.3475752162132714,0.5455721020698547
female_2,0.75,noise_output,/Users/taro252/Docker/TimeStretchLab/results/phase9c/components/female_2_075/noise_output.wav,0.17591808564090075,0.15982216925170215,0.10393741665716216,harmonic-comb input estimate,355.0,309,0.1346692290902913,0.04115285096081034,0.34745082556802864,0.030604917332970896,0.17397254649115687,0.3472619354724884
female_2,0.5,tonal_input,/Users/taro252/Docker/TimeStretchLab/results/phase9c/components/female_2_050/tonal_input.wav,0.17591808564090075,0.159827540850054,0.21609910170644875,harmonic-comb input estimate,362.0,231,0.7039804146302986,0.0020530148758393877,0.5542905238027771,0.04177236520559413,0.23745350032188306,0.3748578727245331
female_2,0.5,noise_input,/Users/taro252/Docker/TimeStretchLab/results/phase9c/components/female_2_050/noise_input.wav,0.17591808564090075,0.159827540850054,0.08870904316646423,harmonic-comb input estimate,362.0,231,0.11041642331478677,0.050988119730320164,0.32730024771885824,0.04219612528736945,0.2398623491916799,0.8862985968589783
female_2,0.5,tonal_output,/Users/taro252/Docker/TimeStretchLab/results/phase9c/components/female_2_050/tonal_output.wav,0.17591808564090075,0.159827540850054,0.27700347792522506,harmonic-comb input estimate,356.0,465,0.6870550879726227,0.0007734081105836253,0.6365927948074793,0.06352932008440762,0.36113012401537864,0.5758757591247559
female_2,0.5,noise_output,/Users/taro252/Docker/TimeStretchLab/results/phase9c/components/female_2_050/noise_output.wav,0.17591808564090075,0.159827540850054,0.09441918752331975,harmonic-comb input estimate,356.0,465,0.11804089981805042,0.03945206332955976,0.36364660795294235,0.025738757258924168,0.14631103541746152,0.34513938426971436
female_3,0.75,tonal_input,/Users/taro252/Docker/TimeStretchLab/results/phase9c/components/female_3_075/tonal_input.wav,0.21297228472983856,0.1827194944274036,0.22503541267035926,harmonic-comb input estimate,276.0,231,0.5963329583639054,0.000526510723625157,0.6273891483273769,0.05296796111225896,0.24870823534246075,0.3764805197715759
female_3,0.75,noise_input,/Users/taro252/Docker/TimeStretchLab/results/phase9c/components/female_3_075/noise_input.wav,0.21297228472983856,0.1827194944274036,0.16855457785592343,harmonic-comb input estimate,276.0,231,0.11335387945087116,0.02067325560457596,0.3292285586167099,0.0563177847695056,0.2644371535980932,0.6324100494384766
female_3,0.75,tonal_output,/Users/taro252/Docker/TimeStretchLab/results/phase9c/components/female_3_075/tonal_output.wav,0.21297228472983856,0.1827194944274036,0.27238801791991885,harmonic-comb input estimate,276.0,309,0.5909489563730733,0.00036365282017826396,0.6584554833606542,0.07651053616290929,0.3592511403988826,0.7016961574554443
female_3,0.75,noise_output,/Users/taro252/Docker/TimeStretchLab/results/phase9c/components/female_3_075/noise_output.wav,0.21297228472983856,0.1827194944274036,0.14687804288604742,harmonic-comb input estimate,276.0,309,0.15824380516952893,0.017344643226836768,0.3608619689264765,0.04120334559735098,0.1934681108831843,0.3526386618614197
female_3,0.5,tonal_input,/Users/taro252/Docker/TimeStretchLab/results/phase9c/components/female_3_050/tonal_input.wav,0.21297228472983856,0.18273974810633442,0.22503541267035926,harmonic-comb input estimate,276.0,231,0.5963329583639054,0.000526510723625157,0.6273891483273769,0.05296796111225896,0.24870823534246075,0.3764805197715759
female_3,0.5,noise_input,/Users/taro252/Docker/TimeStretchLab/results/phase9c/components/female_3_050/noise_input.wav,0.21297228472983856,0.18273974810633442,0.16855457785592343,harmonic-comb input estimate,276.0,231,0.11335387945087116,0.02067325560457596,0.3292285586167099,0.0563177847695056,0.2644371535980932,0.6324100494384766
female_3,0.5,tonal_output,/Users/taro252/Docker/TimeStretchLab/results/phase9c/components/female_3_050/tonal_output.wav,0.21297228472983856,0.18273974810633442,0.2703936753692875,harmonic-comb input estimate,276.0,465,0.6365372168007504,0.00023601761720612357,0.6940997269834,0.08240493363578123,0.38692796924222944,0.6537504196166992
female_3,0.5,noise_output,/Users/taro252/Docker/TimeStretchLab/results/phase9c/components/female_3_050/noise_output.wav,0.21297228472983856,0.18273974810633442,0.14872105692599008,harmonic-comb input estimate,276.0,465,0.1424087800525005,0.01742594884025381,0.3768338692349613,0.04138824888839633,0.19433631442093122,0.409428209066391
male_1,0.75,tonal_input,/Users/taro252/Docker/TimeStretchLab/results/phase9c/components/male_1_075/tonal_input.wav,0.022847738833908806,0.021525926897794704,0.21505252928750215,harmonic-comb input estimate,246.0,231,0.49204436231064713,0.04374370402961477,0.4976650897644524,0.0031923775172140074,0.13972400246174074,0.042155828326940536
male_1,0.75,noise_input,/Users/taro252/Docker/TimeStretchLab/results/phase9c/components/male_1_075/noise_input.wav,0.022847738833908806,0.021525926897794704,0.06723514805018714,harmonic-comb input estimate,246.0,231,0.08526679717377457,0.14398362258966785,0.3010430511982597,0.005100384267067608,0.22323365580819698,0.06242819502949715
male_1,0.75,tonal_output,/Users/taro252/Docker/TimeStretchLab/results/phase9c/components/male_1_075/tonal_output.wav,0.022847738833908806,0.021525926897794704,0.23393346168661985,harmonic-comb input estimate,246.0,309,0.430655784574237,0.03137048922734347,0.5382040943157729,0.004644613217651865,0.2032854651925298,0.0793294608592987
male_1,0.75,noise_output,/Users/taro252/Docker/TimeStretchLab/results/phase9c/components/male_1_075/noise_output.wav,0.022847738833908806,0.021525926897794704,0.07839671669061227,harmonic-comb input estimate,246.0,309,0.06125592483016157,0.12440991500338078,0.31930522695772434,0.003803782861682922,0.16648399603864364,0.05727165564894676
male_1,0.5,tonal_input,/Users/taro252/Docker/TimeStretchLab/results/phase9c/components/male_1_050/tonal_input.wav,0.022847738833908806,0.02155126473906159,0.21505252928750215,harmonic-comb input estimate,246.0,231,0.49204436231064713,0.04374370402961477,0.4976650897644524,0.0031923775172140074,0.13972400246174074,0.042155828326940536
male_1,0.5,noise_input,/Users/taro252/Docker/TimeStretchLab/results/phase9c/components/male_1_050/noise_input.wav,0.022847738833908806,0.02155126473906159,0.06723514805018714,harmonic-comb input estimate,246.0,231,0.08526679717377457,0.14398362258966785,0.3010430511982597,0.005100384267067608,0.22323365580819698,0.06242819502949715
male_1,0.5,tonal_output,/Users/taro252/Docker/TimeStretchLab/results/phase9c/components/male_1_050/tonal_output.wav,0.022847738833908806,0.02155126473906159,0.25194026698548105,harmonic-comb input estimate,246.0,465,0.4786010185134673,0.01899969020919916,0.5899482567379485,0.005909056434734071,0.258627625141867,0.0815996527671814
male_1,0.5,noise_output,/Users/taro252/Docker/TimeStretchLab/results/phase9c/components/male_1_050/noise_output.wav,0.022847738833908806,0.02155126473906159,0.09181995824849105,harmonic-comb input estimate,246.0,465,0.11423775296701674,0.11705953218750739,0.3268797908059159,0.003922224730044657,0.17166796059713066,0.0637756884098053
male_2,0.75,tonal_input,/Users/taro252/Docker/TimeStretchLab/results/phase9c/components/male_2_075/tonal_input.wav,0.0760768155966625,0.06955656065370494,0.23385666873148936,harmonic-comb input estimate,194.0,231,0.6431964557357509,0.00037879348991662885,0.7314738413432171,0.015344395003311589,0.20169607366929607,0.17817901074886322
male_2,0.75,noise_input,/Users/taro252/Docker/TimeStretchLab/results/phase9c/components/male_2_075/noise_input.wav,0.0760768155966625,0.06955656065370494,0.14644962297076766,harmonic-comb input estimate,194.0,231,0.17623536224039849,0.012868774108044762,0.42970610678960647,0.016046840189964388,0.21092944103797942,0.3663867115974426
male_2,0.75,tonal_output,/Users/taro252/Docker/TimeStretchLab/results/phase9c/components/male_2_075/tonal_output.wav,0.0760768155966625,0.06955656065370494,0.2559442442550802,harmonic-comb input estimate,194.0,309,0.6861696775711879,0.0002279645473018961,0.7634744966765138,0.022929435056937154,0.3013984599224165,0.31356900930404663
male_2,0.75,noise_output,/Users/taro252/Docker/TimeStretchLab/results/phase9c/components/male_2_075/noise_output.wav,0.0760768155966625,0.06955656065370494,0.1388059584426801,harmonic-comb input estimate,194.0,309,0.18002914464509545,0.012072705226997408,0.4506830914155096,0.011613157818984355,0.1526504195496476,0.21805520355701447
male_2,0.5,tonal_input,/Users/taro252/Docker/TimeStretchLab/results/phase9c/components/male_2_050/tonal_input.wav,0.0760768155966625,0.06959913799443777,0.23385666873148936,harmonic-comb input estimate,194.0,231,0.6431964557357509,0.00037879348991662885,0.7314738413432171,0.015344395003311589,0.20169607366929607,0.17817901074886322
male_2,0.5,noise_input,/Users/taro252/Docker/TimeStretchLab/results/phase9c/components/male_2_050/noise_input.wav,0.0760768155966625,0.06959913799443777,0.14644962297076766,harmonic-comb input estimate,194.0,231,0.17623536224039849,0.012868774108044762,0.42970610678960647,0.016046840189964388,0.21092944103797942,0.3663867115974426
male_2,0.5,tonal_output,/Users/taro252/Docker/TimeStretchLab/results/phase9c/components/male_2_050/tonal_output.wav,0.0760768155966625,0.06959913799443777,0.2643498066001322,harmonic-comb input estimate,194.0,465,0.6903870547216382,9.592063145097215e-05,0.7981776108585292,0.024797193030513594,0.3259494083145549,0.29244592785835266
male_2,0.5,noise_output,/Users/taro252/Docker/TimeStretchLab/results/phase9c/components/male_2_050/noise_output.wav,0.0760768155966625,0.06959913799443777,0.14358902160228187,harmonic-comb input estimate,194.0,465,0.16862816861343258,0.010205664923737092,0.47537538573021926,0.010106280449211101,0.13284310561392138,0.21990349888801575
male_3,0.75,tonal_input,/Users/taro252/Docker/TimeStretchLab/results/phase9c/components/male_3_075/tonal_input.wav,0.06274863800296163,0.05772001854713479,0.3129671460282101,harmonic-comb input estimate,296.0,231,0.5562851098439935,0.0008355173711208718,0.7445867401039759,0.00940108281643544,0.14982130474038183,0.14077936112880707
male_3,0.75,noise_input,/Users/taro252/Docker/TimeStretchLab/results/phase9c/components/male_3_075/noise_input.wav,0.06274863800296163,0.05772001854713479,0.08605268626004038,harmonic-comb input estimate,296.0,231,0.08998457331266457,0.017369855456845378,0.5510365470892746,0.016132062632346872,0.25709024363729416,0.3001398742198944
male_3,0.75,tonal_output,/Users/taro252/Docker/TimeStretchLab/results/phase9c/components/male_3_075/tonal_output.wav,0.06274863800296163,0.05772001854713479,0.34351609383787257,harmonic-comb input estimate,292.0,309,0.5246123556785057,0.0006132326559374927,0.7773029961865366,0.014691205916374224,0.2341278852211373,0.31897684931755066
male_3,0.75,noise_output,/Users/taro252/Docker/TimeStretchLab/results/phase9c/components/male_3_075/noise_output.wav,0.06274863800296163,0.05772001854713479,0.11099067839926709,harmonic-comb input estimate,292.0,309,0.12426446921858125,0.017203430281599933,0.5271650226693181,0.011588159342491052,0.18467587044294784,0.11258237808942795
male_3,0.5,tonal_input,/Users/taro252/Docker/TimeStretchLab/results/phase9c/components/male_3_050/tonal_input.wav,0.06274863800296163,0.05770841281075214,0.3129671460282101,harmonic-comb input estimate,296.0,231,0.5562851098439935,0.0008355173711208718,0.7445867401039759,0.00940108281643544,0.14982130474038183,0.14077936112880707
male_3,0.5,noise_input,/Users/taro252/Docker/TimeStretchLab/results/phase9c/components/male_3_050/noise_input.wav,0.06274863800296163,0.05770841281075214,0.08605268626004038,harmonic-comb input estimate,296.0,231,0.08998457331266457,0.017369855456845378,0.5510365470892746,0.016132062632346872,0.25709024363729416,0.3001398742198944
male_3,0.5,tonal_output,/Users/taro252/Docker/TimeStretchLab/results/phase9c/components/male_3_050/tonal_output.wav,0.06274863800296163,0.05770841281075214,0.3533594366381726,harmonic-comb input estimate,295.0,465,0.5434932709559871,0.0003935629636331348,0.7975326441099266,0.016444148245646426,0.2620638274986658,0.3537594974040985
male_3,0.5,noise_output,/Users/taro252/Docker/TimeStretchLab/results/phase9c/components/male_3_050/noise_output.wav,0.06274863800296163,0.05770841281075214,0.0923524902895964,harmonic-comb input estimate,295.0,465,0.10371640778385971,0.015876076487919135,0.5305392973412043,0.011813048151178448,0.18825983363069382,0.150620698928833
