category,speed,phase_locking,input,output
mix,0.75,off,/Users/taro252/Downloads/mix.wav,results/phase2/real/stems/mix_075_off.wav
mix,0.75,on,/Users/taro252/Downloads/mix.wav,results/phase2/real/stems/mix_075_on.wav
mix,0.50,off,/Users/taro252/Downloads/mix.wav,results/phase2/real/stems/mix_050_off.wav
mix,0.50,on,/Users/taro252/Downloads/mix.wav,results/phase2/real/stems/mix_050_on.wav
bass,0.75,off,/Users/taro252/Downloads/bass.wav,results/phase2/real/stems/bass_075_off.wav
bass,0.75,on,/Users/taro252/Downloads/bass.wav,results/phase2/real/stems/bass_075_on.wav
bass,0.50,off,/Users/taro252/Downloads/bass.wav,results/phase2/real/stems/bass_050_off.wav
bass,0.50,on,/Users/taro252/Downloads/bass.wav,results/phase2/real/stems/bass_050_on.wav
guitar,0.75,off,/Users/taro252/Downloads/guitar.wav,results/phase2/real/stems/guitar_075_off.wav
guitar,0.75,on,/Users/taro252/Downloads/guitar.wav,results/phase2/real/stems/guitar_075_on.wav
guitar,0.50,off,/Users/taro252/Downloads/guitar.wav,results/phase2/real/stems/guitar_050_off.wav
guitar,0.50,on,/Users/taro252/Downloads/guitar.wav,results/phase2/real/stems/guitar_050_on.wav
piano,0.75,off,/Users/taro252/Downloads/piano.wav,results/phase2/real/stems/piano_075_off.wav
piano,0.75,on,/Users/taro252/Downloads/piano.wav,results/phase2/real/stems/piano_075_on.wav
piano,0.50,off,/Users/taro252/Downloads/piano.wav,results/phase2/real/stems/piano_050_off.wav
piano,0.50,on,/Users/taro252/Downloads/piano.wav,results/phase2/real/stems/piano_050_on.wav
vocal,0.75,off,/Users/taro252/Downloads/vocal.wav,results/phase2/real/stems/vocal_075_off.wav
vocal,0.75,on,/Users/taro252/Downloads/vocal.wav,results/phase2/real/stems/vocal_075_on.wav
vocal,0.50,off,/Users/taro252/Downloads/vocal.wav,results/phase2/real/stems/vocal_050_off.wav
vocal,0.50,on,/Users/taro252/Downloads/vocal.wav,results/phase2/real/stems/vocal_050_on.wav
drums,0.75,off,/Users/taro252/Downloads/drums.wav,results/phase2/real/stems/drums_075_off.wav
drums,0.75,on,/Users/taro252/Downloads/drums.wav,results/phase2/real/stems/drums_075_on.wav
drums,0.50,off,/Users/taro252/Downloads/drums.wav,results/phase2/real/stems/drums_050_off.wav
drums,0.50,on,/Users/taro252/Downloads/drums.wav,results/phase2/real/stems/drums_050_on.wav
