section,window,hop,search,output,outputFrames,grains,avgAbsOffset,p95AbsOffset,avgCorrelation,p10Correlation,processingSeconds,peakRSSBytes
female_2,2048,512,256,/Users/taro252/Docker/TimeStretchLab/results/phase8a/parameters/female_2_w2048_s256.wav,960000,1877,149.139,255,0.804145,0.547048,0.0898334,35094528
female_2,2048,512,512,/Users/taro252/Docker/TimeStretchLab/results/phase8a/parameters/female_2_w2048_s512.wav,960000,1877,313.176,507,0.852109,0.622045,0.132458,35110912
female_2,2048,512,768,/Users/taro252/Docker/TimeStretchLab/results/phase8a/parameters/female_2_w2048_s768.wav,960000,1877,481.085,752,0.871233,0.646385,0.166135,35110912
female_2,1536,512,512,/Users/taro252/Docker/TimeStretchLab/results/phase8a/parameters/female_2_w1536_s512.wav,960000,1877,297.106,509,0.882281,0.676516,0.100562,35110912
female_2,3072,512,512,/Users/taro252/Docker/TimeStretchLab/results/phase8a/parameters/female_2_w3072_s512.wav,960000,1878,327.443,511,0.805256,0.549322,0.148413,35127296
male_2,2048,512,256,/Users/taro252/Docker/TimeStretchLab/results/phase8a/parameters/male_2_w2048_s256.wav,960000,1877,130.914,253,0.923762,0.768434,0.0897194,35110912
male_2,2048,512,512,/Users/taro252/Docker/TimeStretchLab/results/phase8a/parameters/male_2_w2048_s512.wav,960000,1877,313.608,506,0.93742,0.798927,0.11676,35110912
male_2,2048,512,768,/Users/taro252/Docker/TimeStretchLab/results/phase8a/parameters/male_2_w2048_s768.wav,960000,1877,514.458,763,0.942687,0.816059,0.150061,35110912
male_2,1536,512,512,/Users/taro252/Docker/TimeStretchLab/results/phase8a/parameters/male_2_w1536_s512.wav,960000,1877,303.271,500,0.952447,0.842403,0.0937095,35110912
male_2,3072,512,512,/Users/taro252/Docker/TimeStretchLab/results/phase8a/parameters/male_2_w3072_s512.wav,960000,1878,330.155,508,0.906887,0.732518,0.148749,35110912
