signal,speed,mode,output_frames,finite,time_map_hash,median_hz,frequency_mod_cents_sd,magnitude_mod_cv,harmonic_db_vs_fundamental,rise_10_90_ms,time_to_peak_ms,peak_position_error_ms,first20_energy,pre_echo_energy,pre_ideal_energy,decay_3db_ms,decay_10db_ms,decay_envelope_mod_db_sd,highband_peak_to_mean_db
sine_55,0.75,a,256000,True,6943564976509827552,54.95636963811951,10.252233847181857,0.051761489284550814,,,,,,,,,,,
sine_55,0.75,b,256000,True,6943564976509827552,54.956358780284546,9.939594002801728,0.05575040608038744,,,,,,,,,,,
sine_55,0.75,c,256000,True,6943564976509827552,54.95635878438199,9.939593923355398,0.055750411204569805,,,,,,,,,,,
sine_55,0.5,a,384000,True,3801335918661867171,54.95636348698707,23.522953032065256,0.09374129365327007,,,,,,,,,,,
sine_55,0.5,b,384000,True,3801335918661867171,54.9563764879573,23.203864106738642,0.09696927836081792,,,,,,,,,,,
sine_55,0.5,c,384000,True,3801335918661867171,54.95637647706717,23.203864369243256,0.09696927710361558,,,,,,,,,,,
sine_82.41,0.75,a,256000,True,15380816475114376428,82.43906263768957,7.886690533185652e-06,5.060899753018094e-07,,,,,,,,,,,
sine_82.41,0.75,b,256000,True,15380816475114376428,82.43906270586612,7.530470898173408e-06,5.021250232565946e-07,,,,,,,,,,,
sine_82.41,0.75,c,256000,True,15380816475114376428,82.43906270788074,7.5280755516306684e-06,5.021085736009285e-07,,,,,,,,,,,
sine_82.41,0.5,a,384000,True,6391274661715388615,82.4390626404592,1.084021904033331e-05,6.2177873891729e-07,,,,,,,,,,,
sine_82.41,0.5,b,384000,True,6391274661715388615,82.43906322998753,1.9052863057800397e-05,5.060584201868484e-07,,,,,,,,,,,
sine_82.41,0.5,c,384000,True,6391274661715388615,82.43906323413192,1.9062990934860482e-05,5.060176920083594e-07,,,,,,,,,,,
sine_110,0.75,a,256000,True,15380816475114376428,109.97990662029356,3.1728884074801646e-05,5.935495410760499e-07,,,,,,,,,,,
sine_110,0.75,b,256000,True,15380816475114376428,109.97990649688143,3.1769599906509695e-05,6.089587594658721e-07,,,,,,,,,,,
sine_110,0.75,c,256000,True,15380816475114376428,109.97990649763754,3.177153312747651e-05,6.089842151031028e-07,,,,,,,,,,,
sine_110,0.5,a,384000,True,6391274661715388615,109.97990646301265,6.734013693889894e-05,6.013356848804839e-07,,,,,,,,,,,
sine_110,0.5,b,384000,True,6391274661715388615,109.97990748707954,4.952120192437076e-05,7.741334192451683e-07,,,,,,,,,,,
sine_110,0.5,c,384000,True,6391274661715388615,109.97990748977175,4.951426872273303e-05,7.739146037123965e-07,,,,,,,,,,,
harmonic_bass,0.75,a,256000,True,15380816475114376428,109.97990878638402,0.0001263473972829632,2.9172181343587876e-06,"-6.021,-9.542,-12.041,-13.979",,,,,,,,,,
harmonic_bass,0.75,b,256000,True,15380816475114376428,109.97990623460407,7.665181318139602e-05,1.2435101893680395e-06,"-6.022,-9.542,-12.041,-13.979",,,,,,,,,,
harmonic_bass,0.75,c,256000,True,15380816475114376428,109.9799062350856,7.666170828533453e-05,1.244368839404649e-06,"-6.022,-9.542,-12.041,-13.979",,,,,,,,,,
harmonic_bass,0.5,a,384000,True,6391274661715388615,109.97990804782287,6.930986495227705e-05,1.8281637058447964e-06,"-6.020,-9.542,-12.041,-13.979",,,,,,,,,,
harmonic_bass,0.5,b,384000,True,6391274661715388615,109.97990984598411,0.0003576445682458651,4.973585669764428e-06,"-6.036,-9.543,-12.041,-13.979",,,,,,,,,,
harmonic_bass,0.5,c,384000,True,6391274661715388615,109.97990985725261,0.00035763107245678533,4.9733477239887135e-06,"-6.036,-9.543,-12.041,-13.979",,,,,,,,,,
short_noise_burst,0.75,a,256000,True,17253325887098316837,,,,,0.3125,0.4791666666666667,-9.979166666666666,0.005079120720455717,0.02502699202619853,3.6708653888778078,0.2708333333333333,1.375,,
short_noise_burst,0.75,b,256000,True,17253325887098316837,,,,,0.3125,0.4791666666666667,-9.979166666666666,0.005162989277799404,0.025367583303967545,3.6703149931767127,0.2708333333333333,1.375,,
short_noise_burst,0.75,c,256000,True,17253325887098316837,,,,,0.3125,0.4791666666666667,-9.979166666666666,0.00045464265727694327,0.04531354419075294,3.8842230640073883,0.2708333333333333,1.3541666666666667,,
short_noise_burst,0.5,a,384000,True,9588183217069358010,,,,,6.75,15.0,-25.0,0.0007708991412847127,0.000485135659904311,0.011237506707746392,0.6666666666666666,3.7708333333333335,,
short_noise_burst,0.5,b,384000,True,9588183217069358010,,,,,6.75,15.0,-25.0,0.0007428797081784877,0.0005038448146951193,0.011175927789332065,0.6666666666666666,3.7708333333333335,,
short_noise_burst,0.5,c,384000,True,9588183217069358010,,,,,5.3125,15.0,-25.0,6.098197573823878e-05,0.00016389208774739676,0.0009107551932310735,0.4583333333333333,3.3958333333333335,,
decaying_high_noise,0.75,a,256000,True,17253325887098316837,,,,,8.270833333333334,9.729166666666666,-0.7291666666666666,13.784533316529137,0.0009262451099088858,7.488002840027938,0.5,43.104166666666664,0.35296469129860886,11.001249046219527
decaying_high_noise,0.75,b,256000,True,17253325887098316837,,,,,8.270833333333334,9.729166666666666,-0.7291666666666666,13.784529363119312,0.0009382060453914053,7.488006856577386,0.5,43.104166666666664,0.35296468736570646,11.001249053619036
decaying_high_noise,0.75,c,256000,True,17253325887098316837,,,,,5.666666666666667,9.729166666666666,-0.7291666666666666,12.505435055895049,0.003107218127892604,7.416838731303883,0.5,48.5,0.36418331520544245,11.028600243285593
decaying_high_noise,0.5,a,384000,True,9588183217069358010,,,,,8.270833333333334,9.729166666666666,-21.166666666666668,10.446526645567197,0.006198924798268289,13.53087182202292,0.5,46.4375,0.4018420478094428,11.244619385824562
decaying_high_noise,0.5,b,384000,True,9588183217069358010,,,,,8.270833333333334,9.729166666666666,-21.166666666666668,10.446529347870682,0.00619878898385726,13.530869809882669,0.5,46.4375,0.40184204570280246,11.244619418348945
decaying_high_noise,0.5,c,384000,True,9588183217069358010,,,,,8.270833333333334,8.583333333333334,-22.3125,11.093281978959475,0.015575787026556091,11.819199596242024,0.3541666666666667,79.875,0.3444412730072741,11.575423753765792
