name,interval_ms,tracking,voiced_frames,voiced_pairs,amplitude_frame_change_median_db,harmonic_frame_change_rms_db,spectral_centroid_frame_change_median_hz,spectral_envelope_frame_change_median,fundamental_phase_residual_rms_rad
female,80,off,232,229,0.273926796561746,7.799645808509039,32.92781039195279,0.13811340928077698,1.4607752274109842
female,80,on,232,229,0.28518791345460237,8.002511873512903,35.616607638673486,0.1497679501771927,1.481323014100785
female,120,off,232,229,0.273926796561746,7.799645808509039,32.92781039195279,0.13811340928077698,1.4607752274109842
female,120,on,232,229,0.28082612777207683,8.14753764014529,33.88662312340625,0.1443493515253067,1.501679086567073
female,160,off,232,229,0.273926796561746,7.799645808509039,32.92781039195279,0.13811340928077698,1.4607752274109842
female,160,on,232,229,0.28018484910941127,8.169983629368437,35.40729703172315,0.13819226622581482,1.491080661195361
male,80,off,336,331,0.33271494024571,5.615280422522978,40.43180410237642,0.08875735849142075,1.347208364422703
male,80,on,336,331,0.3277659869307008,5.787034120115012,40.10056820556298,0.09279755502939224,1.355991489056512
male,120,off,336,331,0.33271494024571,5.615280422522978,40.43180410237642,0.08875735849142075,1.347208364422703
male,120,on,336,331,0.3277659869307008,5.786484072151931,39.034647348304475,0.08683180809020996,1.3502875413998683
male,160,off,336,331,0.33271494024571,5.615280422522978,40.43180410237642,0.08875735849142075,1.347208364422703
male,160,on,336,331,0.3252443331326348,5.739059333741743,39.48783866187887,0.08892232924699783,1.3509971391187905
