name,speed,source_path,input_path,input_sha256,input_frames,sample_rate,channels,output_path,output_sha256,output_frames,expected_frames,peak_sample,rms,integrated_lufs,true_peak_dbtp,finite,processing_seconds,cpu_seconds,max_rss_bytes,event_count,time_map_hash,anchored_event_count
mix,0.50,results/phase53/real/mix_input.wav,results/phase12/golden/input/mix.wav,6cf7cd9ca5dd7206ca8157e610da2ef870ef48625da6b1cfea38763fd2dff157,1984500,44100,2,results/phase12/golden/raw/mix_050.wav,a729f3764c7a387262ec2c139a1d9bb0ff1a9669fe817ddd837545a9847e01f1,3969000,3969000,1.426309,0.221903,-10.35,3.65,yes,7.00845,6.76711,17137664,130,10537306494630407805,0
mix,0.75,results/phase53/real/mix_input.wav,results/phase12/golden/input/mix.wav,6cf7cd9ca5dd7206ca8157e610da2ef870ef48625da6b1cfea38763fd2dff157,1984500,44100,2,results/phase12/golden/raw/mix_075.wav,ef1ed78c06dff4d7040afe0ed6516ae7e718503d7e5923e6f9e635d4d6149aec,2646000,2646000,1.365266,0.225581,-10.22,2.73,yes,6.53452,6.46628,17154048,130,10761303240002377252,0
mix,1.00,results/phase53/real/mix_input.wav,results/phase12/golden/input/mix.wav,6cf7cd9ca5dd7206ca8157e610da2ef870ef48625da6b1cfea38763fd2dff157,1984500,44100,2,results/phase12/golden/raw/mix_100.wav,50b6e4edae59c2a430c64cb26567b84bfa9c1781299023d96ed92613797e2915,1984500,1984500,1.000000,0.239886,-9.69,0.81,yes,0.101816,0.084567,8126464,0,0,0
vocal,0.50,results/phase53/real/female_input.wav,results/phase12/golden/input/vocal.wav,78278018c95785ca68cf126c30b1e4f76dc24bd25cd35f35785daf14a5e3137b,2160000,48000,2,results/phase12/golden/raw/vocal_050.wav,44c33a2e1edbc879cdb533d90bb572aefacf735d0a39ea43cb85e048de0e0e1a,4320000,4320000,0.988933,0.141889,-12.33,-0.08,yes,7.33866,7.12372,17170432,77,15331809143607642005,0
vocal,0.75,results/phase53/real/female_input.wav,results/phase12/golden/input/vocal.wav,78278018c95785ca68cf126c30b1e4f76dc24bd25cd35f35785daf14a5e3137b,2160000,48000,2,results/phase12/golden/raw/vocal_075.wav,109816b81df96523ffb6b351d34258708b08d9cb4d97bb82ae5db8891fe18512,2880000,2880000,1.018444,0.142334,-12.46,0.19,yes,6.96064,6.89013,17170432,77,8561207837075532670,0
vocal,1.00,results/phase53/real/female_input.wav,results/phase12/golden/input/vocal.wav,78278018c95785ca68cf126c30b1e4f76dc24bd25cd35f35785daf14a5e3137b,2160000,48000,2,results/phase12/golden/raw/vocal_100.wav,56ad66b7a5be50c4f0e59b9f23e3eb0a56281324d72e29aa7f3f73144185e2dc,2160000,2160000,0.923431,0.146541,-12.28,-0.68,yes,0.104232,0.098943,8126464,0,0,0
bass,0.50,results/phase53/real/bass_input.wav,results/phase12/golden/input/bass.wav,1405fb3051c0efdcd09baa385906af0e317a460493de9f087359f210953afb58,2160000,48000,2,results/phase12/golden/raw/bass_050.wav,70ba7adafe873aecbb76c3563b74a0fe99198a9587c5786de9f4f655e2a39bc8,4320000,4320000,0.878249,0.119199,-17.23,-1.13,yes,6.04616,5.9127,17121280,125,15442977185672678524,0
bass,0.75,results/phase53/real/bass_input.wav,results/phase12/golden/input/bass.wav,1405fb3051c0efdcd09baa385906af0e317a460493de9f087359f210953afb58,2160000,48000,2,results/phase12/golden/raw/bass_075.wav,10558461001d1e71732fd84334f37e59e37a0c9ba2d1c80d0267ccd69f82b04f,2880000,2880000,0.973402,0.119870,-17.28,-0.23,yes,5.79332,5.68459,17170432,125,17850551911018472477,0
bass,1.00,results/phase53/real/bass_input.wav,results/phase12/golden/input/bass.wav,1405fb3051c0efdcd09baa385906af0e317a460493de9f087359f210953afb58,2160000,48000,2,results/phase12/golden/raw/bass_100.wav,382955b5e0a3305b5a6f4de609fb38fbdf2834fd95511e2b46498d89b27f2273,2160000,2160000,0.989410,0.123546,-17.23,-0.09,yes,0.116211,0.097892,8159232,0,0,0
drums,0.50,results/phase101/real/drums_input.wav,results/phase12/golden/input/drums.wav,9c73c02302497a738e20ca3d68231b2e20967f5ba40a164e1393479f2b71f928,480000,48000,2,results/phase12/golden/raw/drums_050.wav,7cd350cee36ad5a6b9791074e0ee4fe50cba271bb20466339e2f451b3de2c663,960000,960000,1.043968,0.104342,-16.41,0.54,yes,1.58366,1.56644,17055744,32,10777341678714514184,0
drums,0.75,results/phase101/real/drums_input.wav,results/phase12/golden/input/drums.wav,9c73c02302497a738e20ca3d68231b2e20967f5ba40a164e1393479f2b71f928,480000,48000,2,results/phase12/golden/raw/drums_075.wav,bfa18f2ab42df3dbeeb445dc02bcad02604eff475f2d918212f204bb96e086ac,640000,640000,1.051213,0.114218,-16.31,0.48,yes,1.52024,1.51603,17072128,32,1871340360324504193,0
drums,1.00,results/phase101/real/drums_input.wav,results/phase12/golden/input/drums.wav,9c73c02302497a738e20ca3d68231b2e20967f5ba40a164e1393479f2b71f928,480000,48000,2,results/phase12/golden/raw/drums_100.wav,d77f30cdc1b889227b7f3492791ca510be3ad3514aa7dc38be5f4f2d77297008,480000,480000,1.000000,0.127833,-15.33,0.38,yes,0.0212813,0.024332,8126464,0,0,0
guitar,0.50,results/phase101/real/guitar_input.wav,results/phase12/golden/input/guitar.wav,21a0ae089ef4a1ddc9df1ae1d5e8b7591291dcf6017442fe68efa1dd327ae396,480000,48000,2,results/phase12/golden/raw/guitar_050.wav,871653d181b5b2124e233bc6258ae005ab75215786072435356abdab68628466,960000,960000,0.839131,0.122531,-16.36,-1.52,yes,1.47386,1.4649,17055744,34,6367966047200831925,0
guitar,0.75,results/phase101/real/guitar_input.wav,results/phase12/golden/input/guitar.wav,21a0ae089ef4a1ddc9df1ae1d5e8b7591291dcf6017442fe68efa1dd327ae396,480000,48000,2,results/phase12/golden/raw/guitar_075.wav,0052694fab45da49eea0afbd8e1852dc801f484b96dcefcd7c52d04e949e3619,640000,640000,0.945484,0.122470,-16.22,-0.45,yes,1.40581,1.4003,17039360,34,9383804043409920315,0
guitar,1.00,results/phase101/real/guitar_input.wav,results/phase12/golden/input/guitar.wav,21a0ae089ef4a1ddc9df1ae1d5e8b7591291dcf6017442fe68efa1dd327ae396,480000,48000,2,results/phase12/golden/raw/guitar_100.wav,3da0902bd133bfe71c61650cae3e3f7ba0864bd0deb375387a36b3b38ec2f87a,480000,480000,0.958374,0.126586,-16.01,-0.35,yes,0.0198734,0.022863,8126464,0,0,0
